,Domain,Having_@_symbol,Having_IP,Path,Prefix_suffix_separation,Protocol,Redirection_//_symbol,Sub_domains,URL_Length,age_domain,dns_record,domain_registration_length,http_tokens,label,statistical_report,tiny_url,web_traffic
1,www.liquidgeneration.com,0,0,/,0,http,0,0,0,0,0,1,0,0,0,0,2
2,www.onlineanime.org,0,0,/,0,http,0,0,0,0,0,1,0,0,1,0,1
3,www.ceres.dti.ne.jp,0,0,/~nekoi/senno/senfirst.html,0,http,0,1,0,1,0,1,0,0,0,0,0
4,www.galeon.com,0,0,/kmh/,0,http,0,0,0,0,0,0,0,0,0,0,0
5,www.fanworkrecs.com,0,0,/,0,http,0,0,0,1,1,1,0,0,1,0,1
6,www.animehouse.com,0,0,/,0,http,0,0,0,0,0,1,0,0,1,0,1
7,www2.117.ne.jp,0,0,/~mb1996ax/enadc.html,0,http,0,1,0,1,0,1,0,0,0,0,2
8,archive.rhps.org,0,0,/fritters/yui/index.html,0,http,0,2,0,0,0,1,0,0,0,0,2
9,www.freecartoonsex.com,0,0,/,0,http,0,0,0,0,0,1,0,0,0,1,2
10,www.cutepet.org,0,0,/,0,http,0,0,0,2,0,0,0,0,0,0,2
11,www.taremeparadise.com,0,0,/,0,http,0,0,0,2,0,2,0,0,0,0,2
12,www.internetdump.com,0,0,/users/pornographite/index1.html,0,http,0,2,2,0,0,1,0,0,0,0,1
13,darkkaminari.net,0,0,NA,0,http,0,0,0,1,1,1,0,0,1,0,1
14,www.iei.net,0,0,/~bkos1/velneko.htm,0,http,0,2,0,0,0,1,0,0,1,0,1
15,www9.kinghost.com,0,0,/fetish/hentaibee/,0,http,0,0,0,2,0,2,0,0,0,1,0
16,www.jasonmeador.com,0,0,/,0,http,0,0,0,0,0,1,0,0,0,0,1
17,www.geocities.com,0,0,/kaseychan17/index.html,0,http,0,2,0,2,0,2,0,0,0,0,2
18,www.angelfire.com,0,0,/journal/coldlemonade/index.html,0,http,0,2,2,0,0,0,0,0,0,0,0
19,e.webring.com,0,0,/hub,0,http,0,0,2,0,0,0,0,0,0,0,2
20,www.nemurokinenkan.net,0,0,NA,0,http,0,0,0,1,1,1,0,0,1,0,1
21,j-heaven.tripod.com,0,0,/library.htm,1,http,0,2,0,0,0,0,0,0,0,0,1
22,www.angelfire.com,0,0,/poetry/nicolesstories/,0,http,0,0,0,0,0,0,0,0,0,0,0
23,thesheeparecoming.tripod.com,0,0,/papercrane/,0,http,0,0,0,0,0,0,0,0,0,0,1
24,www.geocities.com,0,0,/eddie_monsoon2002/,0,http,0,0,0,2,0,2,0,0,0,0,2
25,www.shokushu.com,0,0,/,0,http,0,0,0,0,0,1,0,0,0,0,2
26,www.geocities.com,0,0,/timessquare/arcade/7810/p_hgames.htm,0,http,0,2,2,2,0,2,0,0,0,0,2
27,www.hentaisocialclub.com,0,0,/ganguro/index.html,0,http,0,2,0,0,0,1,0,0,0,0,2
28,ryogamasaki.netfirms.com,0,0,/,0,http,0,0,0,0,0,0,0,0,1,0,0
29,members.tripod.com,0,0,/~chaz16/3.html,0,http,0,2,0,0,0,0,0,0,0,0,0
30,www.hentai-comics.com,0,0,/,1,http,0,0,0,2,0,2,0,0,0,0,2
31,www.jastusa.com,0,0,/,0,http,0,0,0,0,0,1,0,0,0,0,2
32,www.peachprincess.com,0,0,/,0,http,0,0,0,0,0,1,0,0,0,0,2
33,www.g-collections.com,0,0,NA,1,http,0,0,0,0,0,1,0,0,0,0,2
34,www.hentai-games.com,0,0,/,1,http,0,0,0,0,0,1,0,0,0,0,1
35,www.canadahentai.com,0,0,NA,0,http,0,0,0,2,0,2,0,0,0,0,1
36,www.hirameki-int.com,0,0,NA,1,http,0,0,0,0,0,1,0,0,0,1,1
37,www.himeyashop.com,0,0,/,0,http,0,0,0,0,0,1,0,0,0,0,1
38,www.jlist.com,0,0,/,0,http,0,0,0,0,0,0,0,0,0,1,0
39,www.clubspooey.com,0,0,/spooey/,0,http,0,0,0,0,0,1,0,0,0,0,1
40,www.hentaigamer.com,0,0,NA,0,http,0,0,0,2,0,2,0,0,0,0,1
41,www.pcrdist.com,0,0,NA,0,http,0,0,0,0,0,1,0,0,0,1,2
42,www.densetsu.com,0,0,/,0,http,0,0,0,0,0,1,0,0,0,0,2
43,www.animetric.com,0,0,/bgames.html,0,http,0,2,0,0,0,1,0,0,0,0,2
44,www.jmate.com,0,0,/home.html,0,http,0,2,0,0,0,1,0,0,0,0,1
45,www.three-musketeers.net,0,0,/mike/animeopinions.html,1,http,0,2,2,0,0,1,0,0,0,0,2
46,engbishoujo.tripod.com,0,0,NA,0,http,0,0,0,0,0,0,0,0,0,0,1
47,www.somethingawful.com,0,0,/hentai/,0,http,0,0,0,0,0,0,0,0,0,0,0
48,www.geocities.com,0,0,/aetus_kane/reviews.html,0,http,0,2,0,2,0,2,0,0,0,0,2
49,www.hentaigameszone.com,0,0,NA,0,http,0,0,0,2,0,2,0,0,0,0,1
50,www.hentaineko.com,0,0,/html_peekv/peek_vgames.shtml,0,http,0,2,2,0,0,1,0,0,0,0,2
51,www.asahi-net.or.jp,0,0,/~uz9y-ab/yaoicomic.htm,1,http,0,1,0,1,0,1,0,0,0,0,0
52,www.geocities.com,0,0,/tokyo/villa/9953/yaoimain.html,0,http,0,2,2,2,0,2,0,0,0,0,2
53,www.commonastherain.com,0,0,/eros.html,0,http,0,2,0,2,0,1,0,0,0,0,1
54,www.angelfire.com,0,0,/anime3/hoshinokaze/,0,http,0,0,0,0,0,0,0,0,0,0,0
55,www.discarnate.com,0,0,/boysnextdoor/,0,http,0,0,0,0,0,1,0,0,0,0,2
56,www.geocities.com,0,0,/spirestudio/index.htm,0,http,0,2,0,2,0,2,0,0,0,0,2
57,www.angelfire.com,0,0,/me3/mandaplay/index.html,0,http,0,2,0,0,0,0,0,0,0,0,0
58,www.geocities.com,0,0,/tokyo/courtyard/9155/carosmen.htm,0,http,0,2,2,2,0,2,0,0,0,0,2
59,members.tripod.com,0,0,/~cheekokr/enter.html,0,http,0,2,0,0,0,0,0,0,0,0,0
60,www.aoihayashi.com,0,0,/,0,http,0,0,0,2,0,2,0,0,0,0,1
61,www.geocities.com,0,0,/shinji_is_my_man/,0,http,0,0,0,2,0,2,0,0,0,0,2
62,www.cruelangel.net,0,0,/divinitas/,0,http,0,0,0,1,1,1,0,0,1,0,1
63,death_of_ase.tripod.com,0,0,/dt/twisteddesire.html,0,http,0,2,0,0,0,0,0,0,0,0,1
64,www.orchidveil.net,0,0,/trapdoor/,0,http,0,0,0,0,0,0,0,0,0,0,1
65,www.geocities.com,0,0,/roryheadmav/main.html,0,http,0,2,0,2,0,2,0,0,0,0,2
66,www.angelfire.com,0,0,/anime4/wildefyre/,0,http,0,0,0,0,0,0,0,0,0,0,0
67,www.yaoiluvr.net,0,0,NA,0,http,0,0,0,1,1,1,0,0,1,0,1
68,www.angelfire.com,0,0,/goth2/azrael/,0,http,0,0,0,0,0,0,0,0,0,0,0
69,m.webring.com,0,0,/hub,0,http,0,0,0,0,0,0,0,0,0,0,2
70,onami.free.fr,0,0,/,0,http,0,0,0,0,0,1,0,0,0,0,1
71,www.geocities.com,0,0,/obsidianblaze/,0,http,0,0,0,2,0,2,0,0,0,0,2
72,p080.ezboard.com,0,0,/badragonballyaoirpg,0,http,0,0,0,0,0,0,0,0,1,0,2
73,www.pureyaoi.org,0,0,/,0,http,0,0,0,1,0,1,0,0,1,0,1
74,www.gaytoon-japan.com,0,0,NA,1,http,0,0,0,0,0,1,0,0,0,0,2
75,www.clubclassic.net,0,0,/yaoi.html,0,http,0,2,0,0,0,1,0,0,0,0,2
76,www.geocities.com,0,0,/apple_toh/index.html,0,http,0,2,0,2,0,2,0,0,0,0,2
77,www.gongaga.com,0,0,/,0,http,0,0,0,0,0,1,0,0,0,0,2
78,www.angelfire.com,0,0,/goth/doujinshi_rapture/,0,http,0,0,0,0,0,0,0,0,0,0,0
79,geocities.com,0,0,/plugplaymanga/,0,http,0,0,0,2,0,2,0,0,0,0,2
80,www.kinu-sekigushi.com,0,0,/,1,http,0,0,0,0,0,1,0,0,0,0,1
81,www.geocities.com,0,0,/can_it_be_sin/index_2.html,0,http,0,2,0,2,0,2,0,0,0,0,2
82,community.livejournal.com,0,0,/jrockyaoi/,0,http,0,0,0,0,0,1,0,0,0,0,2
83,arachnoid.reverie-noire.com,0,0,/,1,http,0,0,0,0,0,1,0,0,1,0,1
84,totchi.tripod.com,0,0,/,0,http,0,0,0,0,0,0,0,0,0,0,1
85,home.arcor.de,0,0,/jrock-yaoi/index2.htm,0,http,0,2,0,1,0,1,0,0,0,0,0
86,www.dtwins.co.uk,0,0,/jfic/efiction30/index.php,0,http,0,1,0,0,0,1,0,0,0,0,1
87,members.tripod.com,0,0,/starchan/,0,http,0,0,0,0,0,0,0,0,0,0,0
88,www.geocities.com,0,0,/hushie_hush/,0,http,0,0,0,2,0,2,0,0,0,0,2
89,www.cursedmoons.com,0,0,/,0,http,0,0,0,0,0,1,0,0,0,0,2
90,www.worldshaking.net,0,0,/,0,http,0,0,0,0,0,1,0,0,0,0,1
91,www.shoujoai.com,0,0,/,0,http,0,0,0,0,0,1,0,0,0,0,2
92,www.angelfire.com,0,0,/anime2/yurifics/index.html,0,http,0,2,0,0,0,0,0,0,0,0,0
93,groups.yahoo.com,0,0,/group/lilypetalsandfallendewdrops/,0,http,0,0,2,2,0,2,0,0,0,0,0
94,www.privateholes.com,0,0,/anime/anime-sex/index6.html,0,http,0,2,2,0,0,1,0,0,0,0,2
95,www.privateholes.com,0,0,/anime/anime-asia/index6.html,0,http,0,2,2,0,0,1,0,0,0,0,2
96,www.anime-hentai-cartoons.com,0,0,/,1,http,0,0,0,1,1,1,0,0,1,0,1
97,idd00788.eresmas.net,0,0,/,0,http,0,0,0,0,0,1,0,0,0,0,2
98,www.applicot.com,0,0,/,0,http,0,0,0,2,0,2,0,0,0,1,2
99,adultcompass.com,0,0,/avs/0/1/acw/index.html,0,http,0,0,0,0,0,1,0,0,0,0,2
100,www.adult-anime-hentai.com,0,0,/,1,http,0,0,0,1,1,1,0,0,1,0,1
101,www.emuck.com:3000,0,0,/archive/egan.html,0,http,0,2,0,1,0,1,0,0,1,0,1
102,danoday.com,0,0,/summit.shtml,0,http,0,0,0,2,0,1,0,0,0,0,2
103,groups.yahoo.com,0,0,/group/voice_actor_appreciation/links/events_and_appearanc_000985383761/,0,http,0,0,1,2,0,2,0,0,0,0,0
104,voice-international.com,0,0,/,1,http,0,0,0,0,0,1,0,0,0,0,1
105,www.livinglegendsltd.com,0,0,/,0,http,0,0,0,0,0,1,0,0,0,0,1
106,voicechasers.com,0,0,/forum/viewforum.php,0,http,0,0,0,0,0,0,0,0,0,0,2
107,hollywoodcollectorshow.com,0,0,/,0,http,0,0,0,0,0,1,0,0,0,0,1
108,www.geocities.com,0,0,/hollywood/hills/8944/,0,http,0,0,0,2,0,2,0,0,0,0,2
109,asifa.proboards61.com,0,0,/index.cgi,0,http,0,2,2,0,0,1,0,0,0,0,2
110,groups.yahoo.com,0,0,/group/voice_actor_appreciation/cal///group/voice_actor_appreciation/,0,http,1,0,1,2,0,2,0,0,0,0,0
111,us.imdb.com,0,0,/name/nm0267724/,0,http,0,0,0,2,0,2,0,0,0,0,0
112,www.pamelynferdin.com,0,0,/,0,http,0,0,0,2,0,2,0,0,0,0,2
113,www.pamferdin.com,0,0,/,0,http,0,0,0,0,0,1,0,0,0,0,2
114,www.monkeydog.com,0,0,/,0,http,0,0,0,0,0,1,0,0,0,0,1
115,teamknightrider.com,0,0,/cast/plato/plato.html,0,http,0,0,0,0,0,1,0,0,1,0,1
116,us.imdb.com,0,0,/name/nm0281486/,0,http,0,0,0,2,0,2,0,0,0,0,0
117,anp.awn.com,0,0,/anifest-3.html,0,http,0,2,0,0,0,1,0,0,1,0,0
118,www.awn.com,0,0,/mag/issue1.7/articles/kowlaskidi1.7.html,0,http,0,1,2,0,0,1,0,0,0,0,0
119,www.awn.com,0,0,/mag/issue2.7/2.7pages/2.7jacksonjones.html,0,http,0,1,2,0,0,1,0,0,0,0,0
120,www.awn.com,0,0,/mag/issue1.9/articles/kowlagrinch1.9.html,0,http,0,1,2,0,0,1,0,0,0,0,0
121,us.imdb.com,0,0,/name/nm0004931/,0,http,0,0,0,2,0,2,0,0,0,0,0
122,www.voicechasers.com,0,0,/database/showactor.php,0,http,0,2,2,0,0,0,0,0,0,0,2
123,www.vortex.com,0,0,/av.html,0,http,0,2,0,0,0,0,0,0,0,1,2
124,starbulletin.com,0,0,/96/07/11/features/story3.html,0,http,0,0,0,0,0,0,0,0,0,0,2
125,anp.awn.com,0,0,/juneforay.html,0,http,0,2,0,0,0,1,0,0,1,0,0
126,www.cerias.purdue.edu,0,0,/homes/spaf/yucks/v2/msg00061.html,0,http,0,1,2,1,0,1,0,0,0,0,0
127,www.awn.com,0,0,/mag/issue5.03/5.03pages/evanierforay.php3,0,http,0,1,2,0,0,1,0,0,0,0,0
128,www.awn.com,0,0,/mag/issue4.02/4.02pages/foraylittlejohn.php3,0,http,0,1,2,0,0,1,0,0,0,0,0
129,archives.seattletimes.nwsource.com,0,0,/cgi-bin/texis.cgi/web/vortex/display,0,http,0,1,1,0,0,1,0,0,0,0,2
130,www.geocities.com,0,0,/enchantedforest/dell/8545/fraley.html,0,http,0,2,2,2,0,2,0,0,0,0,2
131,us.imdb.com,0,0,/name/nm0289710/,0,http,0,0,0,2,0,2,0,0,0,0,0
132,www.voicechasers.com,0,0,/database/showactor.php,0,http,0,2,2,0,0,0,0,0,0,0,2
133,patfraley.com,0,0,/,0,http,0,0,0,0,0,1,0,0,0,0,2
134,nerf-herders-anonymous.net,0,0,/patfraley.html,1,http,0,0,0,0,0,1,0,0,0,0,1
135,www.vasta.org,0,0,/professional_index/fraleyp.html,0,http,0,2,0,0,0,1,0,0,0,0,2
136,news.toonzone.net,0,0,/2000/oct/27/hearing_voices.php,0,http,0,2,2,0,0,0,0,0,0,0,0
137,members.tripod.com,0,0,/~leemichaelwithers/sfh.htm,0,http,0,2,0,0,0,0,0,0,0,0,0
138,www.radiospirits.com,0,0,/onradio/meethost_sf.asp,0,http,0,2,0,0,0,1,0,0,0,0,2
139,us.imdb.com,0,0,/name/nm0292677/,0,http,0,0,0,2,0,2,0,0,0,0,0
140,freberg.westnet.com,0,0,/,0,http,0,0,0,0,0,1,0,0,0,1,2
141,www.aarp.org,0,0,/mmaturity/mar_apr00_preview/creators.html,0,http,0,2,2,0,0,0,0,0,0,0,0
142,www.cosmik.com,0,0,/aa-october99/stan_freberg.html,0,http,0,2,0,0,0,1,0,0,0,0,2
143,www.tsimon.com,0,0,/freberg.htm,0,http,0,2,0,2,0,2,0,0,0,0,2
144,www.firezine.net,0,0,/issue6/fz6_07.htm,0,http,0,2,0,0,0,1,0,0,0,0,2
145,www.thehutch.com,0,0,/rabhutch/freberg.htm,0,http,0,2,0,0,0,0,0,0,0,0,1
146,www.povonline.com,0,0,/cols/col051.htm,0,http,0,2,0,2,0,1,0,0,0,0,1
147,www.povonline.com,0,0,/2001/news060901.htm,0,http,0,2,0,2,0,1,0,0,0,0,1
148,www.austinchronicle.com,0,0,/issues/dispatch/1999-12-10/music_feature3.html,0,http,0,2,1,0,0,1,0,0,0,0,0
149,www.dawsbutler.com,0,0,/freberg.htm,0,http,0,2,0,0,0,0,0,0,0,0,2
150,freberg.westnet.com,0,0,/list.html,0,http,0,2,0,0,0,1,0,0,0,1,2
151,www.rhino.com,0,0,/features/75645p.html,0,http,0,2,0,0,0,0,0,0,0,0,2
152,hitcomedy.com,0,0,/index.html,0,http,0,0,0,0,0,1,0,0,1,0,1
153,www.cyberonic.net,0,0,/~atrain/comedy/freberg.htm,0,http,0,2,0,0,0,0,0,0,0,0,1
154,www.povonline.com,0,0,/cols/col102.htm,0,http,0,2,0,2,0,1,0,0,0,0,1
155,freberg.westnet.com,0,0,/hear_it.html,0,http,0,2,0,0,0,1,0,0,0,1,2
156,www.epinions.com,0,0,/musc-album-musc-freberg__stan/tk_~mm032.1.2,0,http,0,1,2,2,0,2,0,0,0,0,2
157,citypaper.net,0,0,/articles/091699/mus.stan.shtml,0,http,0,2,0,0,0,1,0,0,0,0,1
158,www.crispinfreeman.com,0,0,/,0,http,0,0,0,0,0,1,0,0,0,0,2
159,www.reelradio.com,0,0,/gifts/frees.html,0,http,0,2,0,0,0,1,0,0,0,0,2
160,www.spookytoms.com,0,0,/paul_frees_tribute.html,0,http,0,2,0,0,0,1,0,0,0,0,1
161,www.hollowhill.com,0,0,/gm/library/frees.htm,0,http,0,2,0,0,0,1,0,0,0,0,2
162,www.dvdtalk.com,0,0,/dvdsavant/s74frees.html,0,http,0,2,0,0,0,1,0,0,0,0,0
163,us.imdb.com,0,0,/name/nm0293659/,0,http,0,0,0,2,0,2,0,0,0,0,0
164,www.voicechasers.com,0,0,/database/showactor.php,0,http,0,2,2,0,0,0,0,0,0,0,2
165,bakerstreetdozen.com,0,0,/frewernews.html,0,http,0,0,0,0,0,0,0,0,0,0,2
166,us.imdb.com,0,0,/name/nm0001242/,0,http,0,0,0,2,0,2,0,0,0,0,0
167,www.geocities.com,0,0,/enchantedforest/dell/8545/va.html,0,http,0,2,2,2,0,2,0,0,0,0,2
168,www.angelfire.com,0,0,/ut/rtoons/actors.html,0,http,0,2,0,0,0,0,0,0,0,0,0
169,www.geocities.com,0,0,/hollywood/lot/2636/voiceacting/,0,http,0,0,2,2,0,2,0,0,0,0,2
170,www.geocities.com,0,0,/philbass_2000/narrators.html,0,http,0,2,0,2,0,2,0,0,0,0,2
171,doreen.mkbmemorial.com,0,0,/,0,http,0,0,0,1,0,1,0,0,0,0,2
172,www.geocities.com,0,0,/televisioncity/taping/6785/index.html,0,http,0,2,2,2,0,2,0,0,0,0,2
173,www.behindthevoiceactors.com,0,0,NA,0,http,0,0,0,0,0,1,0,0,0,0,0
174,www.keyframeonline.com,0,0,/kf.php,0,http,0,2,0,0,0,1,0,0,0,0,2
175,www.voicechasers.com,0,0,/,0,http,0,0,0,0,0,0,0,0,0,0,2
176,us.imdb.com,0,0,/name/nm0304000/,0,http,0,0,0,2,0,2,0,0,0,0,0
177,www.taoslandandfilm.com,0,0,/bradentnwkly.html,0,http,0,2,0,0,0,1,0,0,0,0,2
178,us.imdb.com,0,0,/name/nm0004951/,0,http,0,0,0,2,0,2,0,0,0,0,0
179,kathygarver.com,0,0,/,0,http,0,0,0,0,0,1,0,0,0,0,2
180,us.imdb.com,0,0,/name/nm0308744/,0,http,0,0,0,2,0,2,0,0,0,0,0
181,www.dickgautier.com,0,0,/,0,http,0,0,0,0,0,1,0,0,0,0,1
182,www.dangilvezan.com,0,0,/,0,http,0,0,0,0,0,0,0,0,0,0,1
183,us.imdb.com,0,0,/name/nm0319737/,0,http,0,0,0,2,0,2,0,0,0,0,0
184,us.imdb.com,0,0,/name/nm0330015/,0,http,0,0,0,2,0,2,0,0,0,0,0
185,www.tv-now.com,0,0,/stars/gotfried.html,1,http,0,2,0,2,0,2,0,0,0,0,1
186,www.cdaccess.com,0,0,/html/pc/midmovie.htm,0,http,0,2,0,0,0,1,0,0,0,0,2
187,genetic_mishap.tripod.com,0,0,/landofthreenamedpeople/,0,http,0,0,2,0,0,0,0,0,0,0,1
188,www.angelfire.com,0,0,/celeb/starzbios/gottfried_g.html,0,http,0,2,2,0,0,0,0,0,0,0,0
189,us.imdb.com,0,0,/name/nm0331906/,0,http,0,0,0,2,0,2,0,0,0,0,0
190,www-tech.mit.edu,0,0,/v110/n37/gilber.37a.html,1,http,0,1,0,1,0,1,0,0,0,0,0
191,www-tech.mit.edu,0,0,/v110/n38/lsc.38a.html,1,http,0,1,0,1,0,1,0,0,0,0,0
192,www.octopusmediaink.com,0,0,/gilbertgottfried.html,0,http,0,2,0,0,0,1,0,0,0,0,1
193,citypaper.net,0,0,/articles/022996/article001.shtml,0,http,0,0,0,0,0,1,0,0,0,0,1
194,jam.canoe.ca,0,0,/movies/artists/g/gottfried_gilbert/1997/02/21/758674.html,0,http,0,2,1,0,0,0,0,0,0,0,0
195,www.voicechasers.com,0,0,/database/showactor.php,0,http,0,2,2,0,0,0,0,0,0,0,2
196,www.kylehebert.com,0,0,/,0,http,0,0,0,0,0,1,0,0,0,1,1
197,www.post-gazette.com,0,0,/magazine/19990223voicetalent1.asp,1,http,0,2,2,0,0,1,0,0,0,0,0
198,www.serkworks.com,0,0,/roommates/index.htm,0,http,0,2,0,0,0,1,0,0,0,0,2
199,www.armory.com,0,0,/~keeper/jesshirt.html,0,http,0,2,0,0,0,0,0,0,0,0,2
200,www.voicechasers.com,0,0,/database/showactor.php,0,http,0,2,2,0,0,0,0,0,0,0,2
201,docharris.com,0,0,/,0,http,0,0,0,0,0,1,0,0,0,0,2
202,www.lushmedia.co.uk,0,0,/,0,http,0,2,0,0,0,1,0,0,0,0,1
203,www.dav-productions.com,0,0,/,1,http,0,0,0,1,1,1,0,0,1,0,1
204,www.ccvideo.net,0,0,/,0,http,0,0,0,0,0,1,0,0,0,0,1
205,www.blueyed.com,0,0,/,0,http,0,0,0,0,0,1,0,0,0,0,1
206,www.koalatv.com,0,0,/,0,http,0,0,0,2,0,2,0,0,0,0,2
207,www.goaggressive.com,0,0,/,0,http,0,0,0,0,0,1,0,0,1,0,1
208,www.emblemma.com,0,0,/,0,http,0,0,0,0,0,1,0,0,0,0,1
209,www.killingtimeproductions.com,0,0,/,0,http,0,0,0,0,0,0,0,0,0,0,1
210,www.rollingrproductions.com,0,0,/,0,http,0,0,0,2,0,2,0,0,0,0,1
211,www.boutwellstudios.com,0,0,NA,0,http,0,0,0,2,0,2,0,0,0,0,1
212,www.blindruckus.com,0,0,NA,0,http,0,0,0,1,1,1,0,0,1,0,1
213,www.roadrecords.com,0,0,/clientlist.html,0,http,0,2,0,1,1,1,0,0,1,0,1
214,www.coupestudios.com,0,0,NA,0,http,0,0,0,0,0,0,0,0,0,0,1
215,www.kellogg-rice.com,0,0,NA,1,http,0,0,0,0,0,1,0,0,0,0,1
216,www.sarley.com,0,0,NA,0,http,0,0,0,0,0,0,0,0,0,0,1
217,www.deadlyproductions.com,0,0,NA,0,http,0,0,0,0,0,0,0,0,0,0,1
218,www.rickaudio.com,0,0,NA,0,http,0,0,0,2,0,2,0,0,0,0,1
219,www.fmsystems.net,0,0,NA,0,http,0,0,0,0,0,0,0,0,0,0,2
220,www.gamebeatinc.com,0,0,/,0,http,0,0,0,0,0,1,0,0,1,0,1
221,members.tripod.com,0,0,/kcepap/,0,http,0,0,0,0,0,0,0,0,0,0,0
222,www.loftinpro.com,0,0,NA,0,http,0,0,0,0,0,1,0,0,0,0,2
223,www.noisefloor.com,0,0,NA,0,http,0,0,0,2,0,2,0,0,0,0,1
224,www.wavegroup.com,0,0,NA,0,http,0,0,0,0,0,0,0,0,0,0,1
225,www.audiolinks.com,0,0,/,0,http,0,0,0,0,0,1,0,0,0,0,2
226,business.fortunecity.com,0,0,/tisch/809/gold.htm,0,http,0,2,0,0,0,1,0,0,0,0,2
227,www.harkproductions.com,0,0,/audio.html,0,http,0,2,0,0,0,1,0,0,0,0,2
228,www.loree-nelson.com,0,0,NA,1,http,0,0,0,0,0,0,0,0,0,0,1
229,www.thilldesign.com,0,0,NA,0,http,0,0,0,0,0,0,0,0,0,0,1
230,www.cgdesign.com,0,0,NA,0,http,0,0,0,0,0,0,0,0,0,0,1
231,www.moonaluna.net,0,0,NA,0,http,0,0,0,0,0,1,0,0,0,0,1
232,www.rjbstudio.com,0,0,NA,0,http,0,0,0,0,0,1,0,0,0,0,1
233,www.folioinc.com,0,0,NA,0,http,0,0,0,0,0,1,0,0,1,0,1
234,www.colorpagesinc.com,0,0,NA,0,http,0,0,0,0,0,0,0,0,0,0,2
235,www.svengoody.com,0,0,NA,0,http,0,0,0,1,1,1,0,0,1,0,1
236,www.doclivingston.com,0,0,NA,0,http,0,0,0,2,0,2,0,0,0,0,1
237,www.broadsideinteractive.com,0,0,/,0,http,0,0,0,0,0,1,0,0,0,0,2
238,www.celticharper.com,0,0,/wolfhawk.html,0,http,0,2,0,0,0,1,0,0,0,0,2
239,www.copelandesign.com,0,0,NA,0,http,0,0,0,0,0,1,0,0,0,0,1
240,www.gilmourcreative.com,0,0,NA,0,http,0,0,0,0,0,0,0,0,0,0,1
241,www.twentyfirst.co.uk,0,0,NA,0,http,0,2,0,0,0,1,0,0,0,1,1
242,www.blacktide.com,0,0,NA,0,http,0,0,0,0,0,1,0,0,0,0,1
243,www.magusgraphics.com,0,0,NA,0,http,0,0,0,1,1,1,0,0,1,0,1
244,www.geocities.com,0,0,/svendesign/,0,http,0,0,0,2,0,2,0,0,0,0,2
245,www.graphicsillustrated.com,0,0,NA,0,http,0,0,0,2,0,2,0,0,0,0,1
246,sullivancreative.com,0,0,NA,0,http,0,0,0,0,0,0,0,0,0,0,1
247,www.thincgrafx.com,0,0,/,0,http,0,0,0,1,1,1,0,0,1,1,1
248,www.rappyco.com,0,0,NA,0,http,0,0,0,0,0,1,0,0,0,0,1
249,www.vcpresentations.com,0,0,/,0,http,0,0,0,2,0,2,0,0,0,0,1
250,www.philipperaimbault.com,0,0,NA,0,http,0,0,0,0,0,1,0,0,0,1,1
251,www.jandjgraphics.com,0,0,NA,0,http,0,0,0,2,0,2,0,0,0,0,1
252,www.transmediaproject.com,0,0,/,0,http,0,0,0,2,0,2,0,0,0,1,1
253,www.informationexperts.com,0,0,/,0,http,0,0,0,0,0,1,0,0,0,0,2
254,www.pluribusmedia.com,0,0,/,0,http,0,0,0,0,0,1,0,0,0,0,1
255,www.adaptivedesign.com,0,0,NA,0,http,0,0,0,0,0,1,0,0,0,0,1
256,www.logodesignonline.com,0,0,NA,0,http,0,0,0,0,0,1,0,0,0,0,1
257,www.pentagonstudios.com,0,0,NA,0,http,0,0,0,2,0,2,0,0,0,0,1
258,www.cre8tivproductions.com,0,0,NA,0,http,0,0,0,0,0,0,0,0,1,0,1
259,www.stevensonsharpe.co.uk,0,0,NA,0,http,0,2,0,0,0,1,0,0,1,0,1
260,millercreative.com,0,0,NA,0,http,0,0,0,0,0,1,0,0,0,0,1
261,www.e-nimation.com,0,0,/,1,http,0,0,0,0,0,1,0,0,0,0,1
262,www.springdesigngroup.com,0,0,NA,0,http,0,0,0,0,0,1,0,0,0,0,1
263,www.newsdesign.com.hk,0,0,NA,0,http,0,2,0,2,0,2,0,0,0,0,1
264,www.ronelmm.com,0,0,NA,0,http,0,0,0,0,0,1,0,0,0,0,1
265,www.themakers.com,0,0,NA,0,http,0,0,0,0,0,0,0,0,0,0,1
266,www.mochamedia.com,0,0,NA,0,http,0,0,0,0,0,0,0,0,0,0,1
267,www.maksimedia.com,0,0,NA,0,http,0,0,0,0,0,0,0,0,0,0,1
268,www.lughstudio.com,0,0,NA,0,http,0,0,0,0,0,1,0,0,0,0,2
269,www.osprey.com,0,0,NA,0,http,0,0,0,0,0,1,0,0,0,0,0
270,www.somme.no,0,0,/,0,http,0,0,0,1,0,1,0,0,0,0,1
271,www.impactgroup.com,0,0,NA,0,http,0,0,0,0,0,0,0,0,0,0,1
272,paulmaple.co.uk,0,0,/media/,0,http,0,0,0,0,0,0,0,0,0,0,1
273,www.pennvid.com,0,0,NA,0,http,0,0,0,0,0,0,0,0,0,0,1
274,www.cell-media.com,0,0,/,1,http,0,0,0,0,0,1,0,0,0,0,1
275,www.concisegroup.com,0,0,/,0,http,0,0,0,0,0,0,0,0,0,0,2
276,www.picturevideo.com,0,0,NA,0,http,0,0,0,0,0,1,0,0,0,0,1
277,www.accelvideo.com,0,0,NA,0,http,0,0,0,2,0,2,0,0,0,0,1
278,www.altana.com.ar,0,0,NA,0,http,0,2,0,1,1,1,0,0,0,0,1
279,www.allvid.com,0,0,/,0,http,0,0,0,0,0,1,0,0,0,0,1
280,www.babadigital.com,0,0,NA,0,http,0,0,0,2,0,2,0,0,0,0,1
281,www.mcdougalldigital.com,0,0,NA,0,http,0,0,0,0,0,1,0,0,0,0,1
282,www.imacron.com,0,0,/,0,http,0,0,0,0,0,0,0,0,0,0,1
283,www.reelized.com,0,0,/,0,http,0,0,0,0,0,1,0,0,0,0,1
284,www.vandongenav.nl,0,0,NA,0,http,0,0,0,1,0,1,0,0,0,0,1
285,www.rubiconproductions.com,0,0,NA,0,http,0,0,0,0,0,1,0,0,0,0,1
286,www.visionsoundcomm.com,0,0,NA,0,http,0,0,0,0,1,0,0,0,0,0,1
287,www.avrs.net,0,0,/,0,http,0,0,0,0,0,1,0,0,0,0,1
288,www.vldigital.com,0,0,NA,0,http,0,0,0,0,0,1,0,0,0,0,1
289,www.videomagicpro.net,0,0,/,0,http,0,0,0,0,0,0,0,0,0,0,1
290,www.swerdlow.co.uk,0,0,/,0,http,0,2,0,0,0,0,0,0,0,0,1
291,www.sierrabreeze.com,0,0,NA,0,http,0,0,0,0,0,0,0,0,0,0,1
292,www.jnproductions.com,0,0,/,0,http,0,0,0,0,0,0,0,0,0,0,1
293,www.scribblemedia.com,0,0,NA,0,http,0,0,0,0,0,1,0,0,0,0,1
294,www.stormshooters.com,0,0,NA,0,http,0,0,0,1,1,1,0,0,1,0,1
295,www.bigshoulders.com,0,0,NA,0,http,0,0,0,0,0,0,0,0,0,0,2
296,www.1digital.com,0,0,NA,0,http,0,0,0,0,0,1,0,0,0,0,1
297,www.manningproductions.com,0,0,NA,0,http,0,0,0,0,0,1,0,0,0,0,1
298,www.videocopies.com,0,0,NA,0,http,0,0,0,0,0,1,0,0,0,0,1
299,www.cardinal-broadcast.com,0,0,NA,1,http,0,0,0,1,1,1,0,0,1,1,1
300,www.dvfilm.com,0,0,NA,0,http,0,0,0,0,0,0,0,0,0,0,2
301,www.parrottastudio.com,0,0,NA,0,http,0,0,0,0,0,0,0,0,0,0,1
302,www.pearlmanaudiovideo.com,0,0,NA,0,http,0,0,0,1,1,1,0,0,1,0,1
303,www.pagerankers.com,0,0,NA,0,http,0,0,0,0,0,1,0,0,0,0,2
304,www.purevisibility.com,0,0,NA,0,http,0,0,0,0,0,0,0,0,0,0,2
305,www.pepperjam.com,0,0,/,0,http,0,0,0,0,0,1,0,0,0,0,2
306,www.platinumservices.com,0,0,NA,0,http,0,0,0,0,0,0,0,0,0,0,1
307,powerspiritonline.com,0,0,NA,0,http,0,0,0,0,0,1,0,0,0,0,1
308,www.project36.com,0,0,NA,0,http,0,0,0,0,0,0,0,0,0,0,1
309,www.pageviews.com,0,0,/,0,http,0,0,0,0,0,1,0,0,0,0,1
310,www.podiums.co.uk,0,0,/,0,http,0,2,0,0,0,1,0,0,0,0,1
311,www.portlandwebvisibility.com,0,0,NA,0,http,0,0,0,1,1,1,0,0,1,0,1
312,www.pagearnold.co.uk,0,0,/,0,http,0,2,0,1,1,1,0,0,1,0,1
313,www.quadrapromotions.com,0,0,/,0,http,0,0,0,2,0,1,0,0,0,0,1
314,www.qxest.net,0,0,/,0,http,0,0,0,0,0,1,0,0,0,0,1
315,www.quisma.de,0,0,/,0,http,0,0,0,1,0,1,0,0,0,0,1
316,www.quirk.biz,0,0,/,0,http,0,0,0,0,0,1,0,0,0,0,2
317,www.top-website-promotion.co.uk,0,0,/,1,http,0,2,0,0,0,0,0,0,0,0,1
318,www.redcarpetweb.com,0,0,/,0,http,0,0,0,2,0,0,0,0,0,0,2
319,www.rocketlist.com,0,0,/,0,http,0,0,0,0,0,1,0,0,0,1,1
320,www.registersuccess.com,0,0,/,0,http,0,0,0,0,0,1,0,0,0,0,1
321,www.raise-your-sites.co.uk,0,0,/,1,http,0,2,0,0,0,0,0,0,0,0,1
322,www.reinventbusiness.com,0,0,/,0,http,0,0,0,0,0,1,0,0,0,0,1
323,www.rainstormconsulting.com,0,0,/,0,http,0,0,0,0,0,0,0,0,0,0,1
324,www.resortwebmarketing.com,0,0,/,0,http,0,0,0,0,0,1,0,0,0,0,1
325,www.rbimedia.com,0,0,/,0,http,0,0,0,0,0,0,0,0,0,0,1
326,www.receptional.com,0,0,/,0,http,0,0,0,0,0,0,0,0,0,0,2
327,www.rankhigh.net,0,0,/,0,http,0,0,0,2,0,2,0,0,0,0,1
328,www.redzoneglobal.net,0,0,/,0,http,0,0,0,1,1,1,0,0,1,0,1
329,www.raisemyrank.com,0,0,/,0,http,0,0,0,0,0,1,0,0,0,0,2
330,www.registereverywhere.com,0,0,/,0,http,0,0,0,2,0,0,0,0,0,0,2
331,www.rankingman.com,0,0,/,0,http,0,0,0,0,0,1,0,0,0,0,1
332,www.rankforsales.com,0,0,/,0,http,0,0,0,0,0,1,0,0,0,0,1
333,www.econnects.net,0,0,/,0,http,0,0,0,0,0,0,0,0,0,0,1
334,www.rankmagic.com,0,0,/,0,http,0,0,0,2,0,2,0,0,0,0,2
335,www.relevanttraffic.com,0,0,/,0,http,0,0,0,0,0,1,0,0,0,0,2
336,www.ranks.nl,0,0,/consultancy/,0,http,0,0,0,1,0,1,0,0,0,0,2
337,www.ranbury.com,0,0,/,0,http,0,0,0,0,0,1,0,0,0,0,1
338,www.rugles.com,0,0,/,0,http,0,0,0,2,0,2,0,0,0,0,1
339,www.redlineseo.com,0,0,/,0,http,0,0,0,0,0,1,0,0,0,0,1
340,www.refreshweb.com,0,0,/,0,http,0,0,0,0,0,0,0,0,0,0,2
341,www.rstwebsolutions.com,0,0,/,0,http,0,0,0,0,0,1,0,0,1,0,1
342,www.reidtechnologies.ca,0,0,/,0,http,0,0,0,0,0,1,0,0,0,0,2
343,www.rtproservices.com,0,0,/,0,http,0,0,0,2,0,2,0,0,0,0,1
344,www.room214.com,0,0,/,0,http,0,0,0,0,0,0,0,0,0,0,2
345,www.seo-websitepromotion.com,0,0,/,1,http,0,0,0,0,0,1,0,0,0,0,1
346,www.rankuno.com,0,0,/,0,http,0,0,0,0,0,0,0,0,0,0,2
347,www.roadmap-placement.com,0,0,/,1,http,0,0,0,2,0,2,0,0,0,1,1
348,www.rimmkaufman.com,0,0,/,0,http,0,0,0,0,0,0,0,0,0,0,2
349,www.rossjackson.co.uk,0,0,/,0,http,0,2,0,0,0,1,0,0,0,0,1
350,www.raspberrymarketing.com,0,0,/,0,http,0,0,0,0,0,1,0,0,0,0,1
351,www.resolutionmedia.com,0,0,NA,0,http,0,0,0,0,0,1,0,0,0,0,2
352,www.ranksubmit.com,0,0,/,0,http,0,0,0,0,0,1,0,0,0,1,1
353,www.rankhigh.biz,0,0,/,0,http,0,0,0,0,0,1,0,0,0,0,1
354,www.top-search-engine-ranking.co.uk,0,0,/,1,http,0,2,0,1,1,1,0,0,1,0,1
355,www.rapidblue.co.uk,0,0,/,0,http,0,2,0,0,0,1,0,0,0,0,1
356,www.ringjohn.com,0,0,/,0,http,0,0,0,0,0,0,0,0,0,0,1
357,riseinteractive.com,0,0,/,0,http,0,0,0,0,0,1,0,0,0,0,2
358,www.relaxseo.com,0,0,NA,0,http,0,0,0,0,0,1,0,0,0,0,1
359,www.redchillimarketing.co.uk,0,0,NA,0,http,0,2,0,0,0,1,0,0,0,0,1
360,www.reseo.com,0,0,NA,0,http,0,0,0,0,0,0,0,0,1,0,1
361,www.internetcampaignmanagement.com,0,0,NA,0,http,0,0,0,1,1,1,0,0,1,1,1
362,www.rootconcepts.com,0,0,NA,0,http,0,0,0,2,0,2,0,0,0,0,1
363,www.redchillisearch.com,0,0,NA,0,http,0,0,0,2,0,2,0,0,0,0,1
364,www.rankfirst.com.au,0,0,NA,0,http,0,2,0,1,0,1,0,0,0,1,2
365,www.realonlinemarketing.com,0,0,NA,0,http,0,0,0,0,0,1,0,0,0,0,1
366,www.revteq.com,0,0,NA,0,http,0,0,0,0,0,1,0,0,0,0,1
367,www.group41.com,0,0,/,0,http,0,0,0,0,0,1,0,0,1,0,1
368,www.sagerock.com,0,0,/,0,http,0,0,0,0,0,1,0,0,0,0,2
369,www.seotechnologies.com,0,0,NA,0,http,0,0,0,0,0,0,0,0,0,0,1
370,www.submit-url.net,0,0,/,1,http,0,0,0,0,0,1,0,0,0,0,1
371,www.searchengineer.co.uk,0,0,/,0,http,0,2,0,0,0,0,0,0,0,0,1
372,www.submission-pro.com,0,0,/,1,http,0,0,0,2,0,2,0,0,0,0,1
373,www.searchenginedesign.com,0,0,/,0,http,0,0,0,0,0,1,0,0,0,0,1
374,www.submit-pro.com,0,0,/,1,http,0,0,0,0,0,1,0,0,0,0,1
375,www.sixtop.co.uk,0,0,/,0,http,0,2,0,0,0,0,0,0,0,0,1
376,www.spiderbait.com,0,0,/,0,http,0,0,0,0,0,1,0,0,0,1,1
377,www.searchintelligence.ca,0,0,/,0,http,0,0,0,0,0,0,0,0,1,0,1
378,www.singlethrow.com,0,0,/,0,http,0,0,0,0,0,1,0,0,0,0,2
379,www.sitelynx.com,0,0,/,0,http,0,0,0,0,0,0,0,0,0,1,2
380,www.searchengineserious.co.uk,0,0,/,0,http,0,2,0,0,0,1,0,0,0,0,1
381,www.submitnet.net,0,0,/,0,http,0,0,0,0,0,1,0,0,0,0,2
382,www.searchsummit.com,0,0,/,0,http,0,0,0,0,0,1,0,0,0,1,2
383,www.searchenginewiz.com,0,0,/,0,http,0,0,0,0,0,1,0,0,0,0,1
384,www.slickwebz.com,0,0,/,0,http,0,0,0,2,0,2,0,0,0,0,1
385,www.searchenginetechnologies.com,0,0,/,0,http,0,0,0,0,0,1,0,0,0,0,1
386,www.seoanalysis.com,0,0,/,0,http,0,0,0,2,0,2,0,0,0,0,2
387,www.stepforth.com,0,0,NA,0,http,0,0,0,0,1,1,0,0,0,0,2
388,www.searchenginepatrol.com,0,0,/,0,http,0,0,0,0,0,1,0,0,0,0,1
389,www.searchanalysts.com,0,0,/,0,http,0,0,0,0,0,1,0,0,0,0,1
390,www.sitesolutions.com,0,0,/,0,http,0,0,0,0,0,0,0,0,0,0,2
391,www.stickyeyes.com,0,0,/,0,http,0,0,0,0,0,1,0,0,0,0,2
392,www.skipechert.com,0,0,/,0,http,0,0,0,0,0,0,0,0,0,1,2
393,www.sitepropel.com,0,0,/,0,http,0,0,0,0,0,1,0,0,0,0,1
394,www.searchenginepeople.com,0,0,/,0,http,0,0,0,0,0,0,0,0,0,0,0
395,www.submit-away.com,0,0,/,1,http,0,0,0,2,0,2,0,0,0,0,1
396,www.submitawebsite.com,0,0,/,0,http,0,0,0,0,0,1,0,0,0,0,2
397,www.superwebsitepromotion.com,0,0,/,0,http,0,0,0,1,1,1,0,0,1,0,1
398,www.successpromotions.com,0,0,/,0,http,0,0,0,0,0,0,0,0,0,0,2
399,www.siteblaster.co.uk,0,0,/,0,http,0,2,0,1,1,1,0,0,1,0,1
400,www.searchinnovation.com,0,0,/,0,http,0,0,0,0,0,1,0,0,0,0,1
401,www.submittoday.com,0,0,/,0,http,0,0,0,0,0,1,0,0,1,0,1
402,www.searchmar.com,0,0,/,0,http,0,0,0,0,0,1,0,0,0,0,1
403,www.seoinc.com,0,0,/,0,http,0,0,0,2,0,2,0,0,0,0,2
404,www.foryoursoft.com,0,0,/hypercalendar/,0,http,0,0,0,0,0,1,0,0,0,1,2
405,www.mdesoft.com,0,0,/home_eng.htm,0,http,0,2,0,2,0,2,0,0,0,1,1
406,contactplus.com,0,0,/products/freestuff/task.htm,0,http,0,0,0,0,0,1,0,0,0,0,2
407,www.cotton100.com,0,0,/,0,http,0,0,0,2,0,2,0,0,0,0,1
408,www.inklineglobal.org,0,0,/products/vdp/,0,http,0,0,0,0,0,1,0,0,0,0,1
409,www.sharewaresolutions.com,0,0,/html/calendar.html,0,http,0,2,0,0,0,1,0,0,0,0,1
410,www.amfsoftware.com,0,0,/windows/amfpim.html,0,http,0,2,0,0,0,1,0,0,1,0,1
411,www.idealcs.com,0,0,/calendar/,0,http,0,0,0,0,1,1,0,0,0,0,1
412,www.zabaware.com,0,0,/assistant/index.html,0,http,0,2,0,0,0,0,0,0,0,0,2
413,compunac.homestead.com,0,0,/index.html,0,http,0,2,0,0,0,0,0,0,0,0,1
414,www.calendarmine.com,0,0,/,0,http,0,0,0,0,0,1,0,0,0,0,1
415,www.hammersoftware.com,0,0,/calendar.html,0,http,0,2,0,0,0,0,0,0,0,0,1
416,www.calendarscope.com,0,0,/,0,http,0,0,0,2,0,1,0,0,0,0,2
417,www.zb2000.com,0,0,/acecalendar.htm,0,http,0,2,0,2,0,1,0,0,0,0,1
418,www.daansystems.com,0,0,/daancalendar/,0,http,0,0,0,2,0,0,0,0,0,0,2
419,hotshift.tripod.com,0,0,/,0,http,0,0,0,0,0,0,0,0,0,0,1
420,www.twesley.com,0,0,/~shiftcal/,0,http,0,0,0,2,0,1,0,0,0,0,2
421,www.naturcalendar.com,0,0,/,0,http,0,0,0,0,0,1,0,0,1,0,1
422,www.calnique.com,0,0,/,0,http,0,0,0,0,0,1,0,0,0,0,1
423,www.wallpaper-calendar.com,0,0,/,1,http,0,0,0,2,0,2,0,0,0,0,1
424,www.vaxtech.com,0,0,/birthday-reminder.htm,0,http,0,2,0,0,0,0,0,0,0,0,1
425,www.srosoftware.com,0,0,/sro_bc.htm,0,http,0,2,0,0,0,1,0,0,0,0,1
426,www.cm-soft.net,0,0,/index1.html,1,http,0,2,0,0,0,1,0,0,0,0,1
427,www.ecrew.org,0,0,/,0,http,0,0,0,0,0,1,0,0,0,0,1
428,www.softshape.com,0,0,/cham/,0,http,0,0,0,0,0,1,0,0,0,0,2
429,www.dummysoftware.com,0,0,/clockdummy.html,0,http,0,2,0,2,0,2,0,0,0,0,2
430,www.cheqsoft.com,0,0,/timesown.html,0,http,0,2,0,0,0,0,0,0,0,1,2
431,www.uk-software.com,0,0,/speakingclock.htm,1,http,0,2,0,2,0,2,0,0,0,0,1
432,www.dillobits.com,0,0,/,0,http,0,0,0,0,0,1,0,0,0,0,1
433,www.altrixsoft.com,0,0,NA,0,http,0,0,0,2,0,2,0,0,0,1,2
434,ourworld.compuserve.com,0,0,/homepages/anithmi/cyclocke.htm,0,http,0,2,2,0,0,1,0,0,1,0,2
435,www.atomtime.com,0,0,/,0,http,0,0,0,0,0,1,0,0,1,0,1
436,www.mtnsys.com,0,0,/pages/atomicclock.htm,0,http,0,2,0,1,1,1,0,0,0,0,2
437,www.paraben.com,0,0,/html/clock2.html,0,http,0,2,0,0,0,1,0,0,0,0,2
438,www.kaska.demon.co.uk,0,0,/,0,http,0,1,0,2,0,2,0,0,0,0,0
439,www.nestersoft.com,0,0,/timeleft/,0,http,0,0,0,0,0,1,0,0,0,1,2
440,www.chemware.co.nz,0,0,/tic.htm,0,http,0,1,0,1,0,1,0,0,0,0,2
441,www.blueprintsoftwareworks.com,0,0,/atomsync/,0,http,0,0,0,0,0,0,0,0,0,0,1
442,www.hoursandminutes.com,0,0,/,0,http,0,0,0,2,0,0,0,0,0,0,1
443,www.hiclock.com,0,0,/,0,http,0,0,0,2,0,2,0,0,0,0,1
444,www.springcreeksoftware.com,0,0,/,0,http,0,0,0,0,0,1,0,0,0,0,1
445,timerecorder.51.net,0,0,/,0,http,0,0,0,1,1,1,0,0,0,0,2
446,www.rayslab.com,0,0,/atomic_clock/atomic_clock.html,0,http,0,2,0,2,0,1,0,0,1,0,1
447,www.info-pack.com,0,0,/datetray/,1,http,0,0,0,0,0,1,0,0,0,0,2
448,www.lux-aeterna.com,0,0,/clock/,1,http,0,0,0,2,0,0,0,0,0,0,2
449,www.enins.com,0,0,/timesled/,0,http,0,0,0,0,0,1,0,0,0,0,2
450,www.acutesoftware.com.au,0,0,/timer.html,0,http,0,1,0,1,0,1,0,0,0,0,1
451,www.timeutilites.com,0,0,/,0,http,0,0,0,0,0,1,0,0,0,0,1
452,www.nehuenmultimedia.com.ar,0,0,/html/atomic_clock.html,0,http,0,1,2,1,1,1,0,0,1,0,1
453,www.softdemon.com,0,0,/clock/,0,http,0,0,0,0,0,1,0,0,0,0,1
454,www.timezonesforpcs.com,0,0,/,0,http,0,0,0,0,0,1,0,0,0,0,1
455,www.xnotestopwatch.com,0,0,/,0,http,0,0,0,0,0,1,0,0,0,0,2
456,visualversion.com,0,0,/timebuddy/index.html,0,http,0,0,0,0,0,1,0,0,0,0,1
457,www.rpoint.com,0,0,/pp/alarm-pro.aspx,0,http,0,2,0,0,0,1,0,0,0,1,1
458,www.lmhsoft.com,0,0,/timesync/,0,http,0,0,0,0,0,0,0,0,0,1,2
459,www.vioio.com,0,0,/mp3alarmclock.htm,0,http,0,2,0,1,1,1,0,0,0,0,2
460,littlemulticlock.com,0,0,/littlemulticlock/files/littlemulticlock.html,0,http,0,0,2,0,0,0,0,0,0,0,1
461,www.shelltoys.com,0,0,/speaking_clock/,0,http,0,0,0,0,0,1,0,0,0,0,1
462,www.basta.com,0,0,/prodhoras.htm,0,http,0,2,0,0,0,0,0,0,0,0,2
463,www.elprime.com,0,0,/,0,http,0,0,0,0,0,1,0,0,0,0,1
464,www.atsync.com,0,0,/,0,http,0,0,0,2,0,2,0,0,0,0,1
465,www.12noon.com,0,0,/,0,http,0,0,0,0,0,1,0,0,0,0,2
466,www.talkingtimekeeper.com,0,0,/,0,http,0,0,0,0,0,1,0,0,0,0,1
467,www.thecountdownclock.com,0,0,/,0,http,0,0,0,0,0,1,0,0,0,0,1
468,www.softros-tools.com,0,0,/,1,http,0,0,0,2,0,2,0,0,0,0,1
469,www.saythetime.com,0,0,/,0,http,0,0,0,0,0,1,0,0,0,0,2
470,www.utech.net.au,0,0,/index.php,0,http,0,1,1,1,0,1,0,0,1,0,1
471,www.loginor.qc.ca,0,0,/index_e.html,0,http,0,1,0,0,0,1,0,0,0,0,1
472,www.azzcardfile.com,0,0,/,0,http,0,0,0,0,0,1,0,0,0,0,2
473,www.mxac.com.au,0,0,/dragonfly.htm,0,http,0,1,0,1,0,1,0,0,0,0,2
474,www.tgslabs.com,0,0,/,0,http,0,0,0,0,0,1,0,0,0,0,2
475,www.gammadyne.com,0,0,/sb.htm,0,http,0,2,0,0,0,1,0,0,0,0,2
476,www.encodeteam.com,0,0,/,0,http,0,0,0,0,0,1,0,0,0,0,1
477,www.msdsoft.com,0,0,/agenda/eng/index.htm,0,http,0,2,0,0,0,1,0,0,0,1,2
478,www.inklineglobal.org,0,0,/,0,http,0,0,0,0,0,1,0,0,0,0,1
479,www.neverforget.com,0,0,/,0,http,0,0,0,0,0,1,0,0,0,1,1
480,www.cyber-matrix.com,0,0,/prosched.html,1,http,0,2,0,0,0,1,0,0,0,1,2
481,www.1soft.com,0,0,/aandb.html,0,http,0,2,0,0,0,1,0,0,0,1,2
482,www.ezoutliner.com,0,0,/,0,http,0,0,0,0,0,1,0,0,0,0,1
483,www.xreminder.com,0,0,/,0,http,0,0,0,2,0,2,0,0,0,0,1
484,www.inklineglobal.com,0,0,/products/vdp/,0,http,0,0,0,0,0,0,0,0,0,0,2
485,www.wjjsoft.com,0,0,/,0,http,0,0,0,0,1,0,0,0,0,1,2
486,www.personalmicrocosms.com,0,0,/html/32bit.html,0,http,0,2,0,0,0,1,0,0,0,0,1
487,www.pollensoftware.com,0,0,/task-o-matic/,0,http,0,0,0,2,0,2,0,0,0,0,1
488,www.angelfire.com,0,0,/ia/anniversary/,0,http,0,0,0,0,0,0,0,0,0,0,0
489,www.bitsmithsoft.com,0,0,/,0,http,0,0,0,0,0,0,0,0,0,1,2
490,www.mynotescenter.com,0,0,/,0,http,0,0,0,0,0,1,0,0,0,0,1
491,www.csoftlab.com,0,0,/,0,http,0,0,0,0,0,1,0,0,0,0,2
492,www.cancellieri.org,0,0,/pmo_index.htm,0,http,0,2,0,2,0,1,0,0,0,0,1
493,softnote.com,0,0,/,0,http,0,0,0,0,0,0,0,0,0,0,1
494,www.denverresearch.com,0,0,/pim/home.shtml,0,http,0,2,0,0,0,0,0,0,0,0,2
495,www.jsoftconsulting.com,0,0,/,0,http,0,0,0,0,0,0,0,0,0,0,1
496,www.cancellieri.org,0,0,/,0,http,0,0,0,2,0,1,0,0,0,0,1
497,www.winpim.com,0,0,/,0,http,0,0,0,0,0,0,0,0,0,0,2
498,www.lexasoftware.com,0,0,NA,0,http,0,0,0,0,0,1,0,0,0,0,1
499,www.cancellieri.org,0,0,/apim_index.htm,0,http,0,2,0,2,0,1,0,0,0,0,1
500,www.freedomsoftware.net,0,0,/,0,http,0,0,0,2,0,2,0,0,0,0,1
501,www.joels-journal.com,0,0,/,1,http,0,0,0,2,0,2,0,0,0,0,1
502,www.pimone.com,0,0,/,0,http,0,0,0,0,0,1,0,0,0,0,2
503,www.angelicsoftware.com,0,0,/,0,http,0,0,0,0,0,1,0,0,0,0,2
504,www.freedomsoftware.net,0,0,/notebook.html,0,http,0,2,0,2,0,2,0,0,0,0,1
505,www.geocities.com,0,0,/angelicangelsnf/,0,http,0,0,0,2,0,2,0,0,0,0,2
506,www.arenel.com,0,0,NA,0,http,0,0,0,0,0,1,0,0,0,0,1
507,home.insightbb.com,0,0,/~bastshaman/index.html,0,http,0,2,0,2,0,2,0,0,0,0,2
508,www.becks-cats.com,0,0,NA,1,http,0,0,0,1,1,1,0,0,1,0,1
509,www.bedoroses.com,0,0,/,0,http,0,0,0,0,0,0,0,0,0,0,1
510,www.angelfire.com,0,0,/ms/brikalacy/,0,http,0,0,0,0,0,0,0,0,0,0,0
511,castleglen.homestead.com,0,0,/intro.html,0,http,0,2,0,0,0,0,0,0,0,0,1
512,catnipkids.homestead.com,0,0,/cattery.html,0,http,0,2,0,0,0,0,0,0,0,0,1
513,www.cayugafarm.com,0,0,NA,0,http,0,0,0,2,0,2,0,0,0,0,1
514,www.geocities.com,0,0,/demiaracats/cattery.html,0,http,0,2,0,2,0,2,0,0,0,0,2
515,www.geocities.com,0,0,/himalayancats2000/index.html,0,http,0,2,0,2,0,2,0,0,0,0,2
516,everdreamhimalayan.tripod.com,0,0,/,0,http,0,0,0,0,0,0,0,0,0,0,1
517,www.fancyfriends.com,0,0,/,0,http,0,0,0,0,0,0,0,0,0,0,1
518,www.fancyfluff.i8.com,0,0,NA,0,http,0,2,0,0,0,1,0,0,0,0,1
519,www.geocities.com,0,0,/fluffydreamscatteryca/index.html,0,http,0,2,2,2,0,2,0,0,0,0,2
520,www.furpleasure.com,0,0,/,0,http,0,0,0,0,0,1,0,0,0,0,1
521,godzanointed4him.homestead.com,0,0,/,0,http,0,0,0,0,0,0,0,0,0,0,1
522,www.geocities.com,0,0,/himicats/,0,http,0,0,0,2,0,2,0,0,0,0,2
523,www.itikat.com,0,0,/,0,http,0,0,0,0,0,1,0,0,0,1,1
524,www.kattenbach.com,0,0,NA,0,http,0,0,0,0,0,1,0,0,0,0,1
525,www.kutzikoo.com,0,0,NA,0,http,0,0,0,1,1,1,0,0,1,0,1
526,www.geocities.com,0,0,/labonita_persians/,0,http,0,0,0,2,0,2,0,0,0,0,2
527,www.leclubfur.com,0,0,/,0,http,0,0,0,0,0,1,0,0,0,0,2
528,www.geocities.com,0,0,/luvhavencats/,0,http,0,0,0,2,0,2,0,0,0,0,2
529,sulebrity.homestead.com,0,0,/,0,http,0,0,0,0,0,0,0,0,0,0,1
530,www.geocities.com,0,0,/sunnylakes/,0,http,0,0,0,2,0,2,0,0,0,0,2
531,www.tanglebox.net,0,0,NA,0,http,0,0,0,0,0,0,0,0,1,0,1
532,home19.inet.tele.dk,0,0,/teahs/,0,http,0,2,0,0,0,1,0,0,1,0,2
533,www.tinyjewels.homestead.com,0,0,/index.html,0,http,0,1,0,0,0,0,0,0,0,0,1
534,www.tntpuff.com,0,0,NA,0,http,0,0,0,2,0,2,0,0,0,0,1
535,www.whisperwoodcats.com,0,0,/,0,http,0,0,0,2,0,2,0,0,0,0,1
536,www.yewcats.com,0,0,/,0,http,0,0,0,0,0,1,0,0,0,0,2
537,www.geocities.com,0,0,/milhorn2002/index.html,0,http,0,2,0,2,0,2,0,0,0,0,2
538,www.pawsandpurrscattery.com,0,0,/,0,http,0,0,0,2,0,2,0,0,0,0,1
539,www.fancyfurs.net,0,0,NA,0,http,0,0,0,1,1,1,0,0,1,0,1
540,www.naru.20m.com,0,0,NA,0,http,0,2,0,0,0,0,0,0,0,0,2
541,home.earthlink.net,0,0,/~sandypaws/,0,http,0,0,0,0,0,1,0,0,0,0,0
542,playwickeycats.com,0,0,/index.shtml,0,http,0,0,0,0,0,1,0,0,0,0,1
543,www.ristokat.com,0,0,/,0,http,0,0,0,0,0,1,0,0,0,1,1
544,www.catteryrow.com,0,0,/pacificpurr/index.html,0,http,0,2,0,0,0,1,0,0,1,0,1
545,www.geocities.com,0,0,/paisleypaws/,0,http,0,0,0,2,0,2,0,0,0,0,2
546,radzacatz.homestead.com,0,0,/,0,http,0,0,0,0,0,0,0,0,0,0,1
547,www.members.tripod.com,0,0,/izshe/,0,http,0,2,0,0,0,0,0,0,0,0,0
548,www.pawtrixcove.com,0,0,NA,0,http,0,0,0,0,0,1,0,0,0,0,1
549,www.sunstreamcats.com,0,0,/,0,http,0,0,0,1,1,1,0,0,1,0,1
550,www.ceylon.ws,0,0,NA,0,http,0,0,0,1,0,1,0,0,0,0,1
551,www.himmikatz.com,0,0,/,0,http,0,0,0,0,0,1,0,0,1,0,1
552,www.geocities.com,0,0,/fuzzy_britches1/fuzzybritches.html,0,http,0,2,2,2,0,2,0,0,0,0,2
553,www.kasiakatz.com,0,0,NA,0,http,0,0,0,0,0,1,0,0,0,0,1
554,katzcaprice.com,0,0,NA,0,http,0,0,0,2,0,2,0,0,0,0,1
555,www.ma-liakatz.com,0,0,/,1,http,0,0,0,2,0,2,0,0,0,0,1
556,www.blackriverhimalayans.20m.com,0,0,NA,0,http,0,2,0,0,0,0,0,0,0,0,2
557,www.ieasysite.com,0,0,/sunshinezzz,0,http,0,0,0,2,0,2,0,0,0,0,2
558,www.catleycrue.com,0,0,NA,0,http,0,0,0,0,0,1,0,0,0,0,1
559,www.pointedpurrs.com,0,0,/,0,http,0,0,0,1,1,1,0,0,1,0,1
560,www.nymews.com,0,0,NA,0,http,0,0,0,0,0,1,0,0,0,0,2
561,www.geocities.com,0,0,/kitties2luv/,0,http,0,0,0,2,0,2,0,0,0,0,2
562,www.geocities.com,0,0,/angelpawscattery2003/index.html,0,http,0,2,2,2,0,2,0,0,0,0,2
563,www.geocities.com,0,0,/sunnybrookkittens/,0,http,0,0,0,2,0,2,0,0,0,0,2
564,www.shadenshadow.com,0,0,NA,0,http,0,0,0,0,0,1,0,0,1,0,1
565,www.furrmine.com,0,0,NA,0,http,0,0,0,1,1,1,0,0,1,0,1
566,www.silkenrosepersians.com,0,0,NA,0,http,0,0,0,0,0,1,0,0,0,0,1
567,www.kaydekatz.com,0,0,NA,0,http,0,0,0,2,0,2,0,0,0,0,1
568,www.geocities.com,0,0,/heavenlymews/,0,http,0,0,0,2,0,2,0,0,0,0,2
569,jentopiacats.com,0,0,NA,0,http,0,0,0,1,1,1,0,0,1,0,1
570,www.purrs-of-luvcattery.com,0,0,NA,1,http,0,0,0,0,0,1,0,0,0,0,1
571,www.purfectkittypersians.com,0,0,/,0,http,0,0,0,1,1,1,0,0,1,0,1
572,www.geocities.com,0,0,/maxnkoko/index.html,0,http,0,2,0,2,0,2,0,0,0,0,2
573,www.grovewoodcats.com,0,0,/,0,http,0,0,0,0,0,0,0,0,0,0,1
574,www.lechatpaws.com,0,0,/,0,http,0,0,0,1,1,1,0,0,1,0,1
575,kisancats.com,0,0,/,0,http,0,0,0,1,1,1,0,0,1,0,1
576,www.lakehyco.com,0,0,/,0,http,0,0,0,0,0,1,0,0,0,0,1
577,webpages.charter.net,0,0,/sassipurrs/,0,http,0,0,0,2,0,2,0,0,0,0,0
578,www.co-bridge.com,0,0,NA,1,http,0,0,0,2,0,2,0,0,0,0,1
579,www.calebcats.com,0,0,NA,0,http,0,0,0,0,0,1,0,0,0,0,2
580,rumscott.homestead.com,0,0,/,0,http,0,0,0,0,0,0,0,0,0,0,1
581,www.wonderfluf.com,0,0,NA,0,http,0,0,0,0,0,1,0,0,0,0,1
582,sunshinezzz.ieasysite.com,0,0,/,0,http,0,0,0,2,0,2,0,0,0,0,2
583,www.ozemail.com.au,0,0,/~ebunny,0,http,0,2,0,1,0,1,0,0,0,0,2
584,planeta.terra.com.br,0,0,/lazer/gatilmiragem,0,http,0,2,0,1,0,1,0,0,0,0,0
585,www.blazestar.com.br,0,0,/,0,http,0,2,0,1,0,1,0,0,0,0,1
586,www.himalayan.org,0,0,/,0,http,0,0,0,0,0,1,0,0,0,0,2
587,www.geocities.com,0,0,/area51/dreamworld/9882/index.html,0,http,0,2,2,2,0,2,0,0,0,0,2
588,www.cfainc.org,0,0,/breeds/profiles/persian-him.html,0,http,0,2,2,0,0,0,0,0,0,0,1
589,www.aaceinc.org,0,0,/pages/breeds/him.htm,0,http,0,2,0,0,0,1,0,0,0,0,2
590,p.webring.com,0,0,/hub,0,http,0,0,0,0,0,0,0,0,0,0,2
591,www.cfainc.org,0,0,/breeds/profiles/japanese.html,0,http,0,2,0,0,0,0,0,0,0,0,1
592,www.breedlist.com,0,0,/japanese-bobtail-breeders.html,0,http,0,2,2,0,0,0,0,0,0,1,2
593,www.japanesebobtails.com,0,0,/,0,http,0,0,0,0,0,0,0,0,0,0,1
594,www.cfainc.org,0,0,/breeds/profiles/articles/japanese.html,0,http,0,2,2,0,0,0,0,0,0,0,1
595,www.fanciers.com,0,0,/breed-faqs/japanese-bobtail-faq.html,0,http,0,2,2,0,0,0,0,0,0,0,2
596,www.catchicats.com,0,0,/,0,http,0,0,0,0,0,1,0,0,0,0,1
597,www.kiddlyn.com,0,0,/,0,http,0,0,0,0,0,0,0,0,0,0,1
598,www.angelfire.com,0,0,/il3/jakoi/,0,http,0,0,0,0,0,0,0,0,0,0,0
599,www.sailbourne.com,0,0,/,0,http,0,0,0,0,0,1,0,0,0,0,2
600,www.janipurr.com,0,0,/,0,http,0,0,0,0,0,0,0,0,0,0,1
601,www.geocities.com,0,0,/kurisumasu_jbt/,0,http,0,0,0,2,0,2,0,0,0,0,2
602,members.shaw.ca,0,0,/jbobtails/index.htm,0,http,0,2,0,0,0,1,0,0,0,0,0
603,www.solstans.co.uk,0,0,/,0,http,0,2,0,0,0,1,0,0,1,0,1
604,www.goutokuji.com,0,0,/,0,http,0,0,0,2,0,2,0,0,0,0,1
605,www.samizcats.com,0,0,NA,0,http,0,0,0,0,0,1,0,0,0,0,1
606,www.uvm.edu,0,0,/~video/,0,http,0,0,0,1,0,1,0,0,0,0,0
607,learn.uvm.edu,0,0,/focus/,0,http,0,0,0,1,0,1,0,0,0,0,0
608,www.uvm.edu,0,0,/~gradcoll/,0,http,0,0,0,1,0,1,0,0,0,0,0
609,www.uvm.edu,0,0,/academics/,0,http,0,1,2,1,0,1,0,0,0,0,0
610,www.uvm.edu,0,0,/~histpres,0,http,0,0,0,1,0,1,0,0,0,0,0
611,www.uvm.edu,0,0,/~biomed/,0,http,0,0,0,1,0,1,0,0,0,0,0
612,www.uvm.edu,0,0,/~cnhs/,0,http,0,0,0,1,0,1,0,0,0,0,0
613,www.bsad.uvm.edu,0,0,/,0,http,0,2,0,1,0,1,0,0,0,0,0
614,www.uvm.edu,0,0,/~envprog/,0,http,0,0,0,1,0,1,0,0,0,0,0
615,www.uvm.edu,0,0,/snr/,0,http,0,0,0,1,0,1,0,0,0,0,0
616,www.uvm.edu,0,0,/snr/,0,http,0,2,2,1,0,1,0,0,0,0,0
617,www.uvm.edu,0,0,/snr/,0,http,0,2,2,1,0,1,0,0,0,0,0
618,www.uvm.edu,0,0,/snr/,0,http,0,2,0,1,0,1,0,0,0,0,0
619,www.uvm.edu,0,0,/snr/,0,http,0,2,2,1,0,1,0,0,0,0,0
620,www.uvm.edu,0,0,/snr/,0,http,0,2,2,1,0,1,0,0,0,0,0
621,www.uvm.edu,0,0,/snr/,0,http,0,2,0,1,0,1,0,0,0,0,0
622,www.uvm.edu,0,0,/~dceweb/lane/,0,http,0,0,0,1,0,1,0,0,0,0,0
623,www.uvm.edu,0,0,/~sacon/,0,http,0,0,0,1,0,1,0,0,0,0,0
624,www.uvm.edu,0,0,/~ncow/,0,http,0,0,0,1,0,1,0,0,0,0,0
625,www.uvm.edu,0,0,/events/,0,http,0,0,0,1,0,1,0,0,0,0,0
626,www.uvm.edu,0,0,/~uvmcts/,0,http,0,0,0,1,0,1,0,0,0,0,0
627,www.uvm.edu,0,0,/~fleming/index.php,0,http,0,2,2,1,0,1,0,0,0,0,0
628,www.uvm.edu,0,0,/~jdavison/,0,http,0,0,0,1,0,1,0,0,0,0,0
629,www.uvm.edu,0,0,/~sjc/,0,http,0,0,0,1,0,1,0,0,0,0,0
630,www.emba.uvm.edu,0,0,/~archdeac/,0,http,0,2,0,1,0,1,0,0,0,0,0
631,www.uvm.edu,0,0,/~jleonard/,0,http,0,0,0,1,0,1,0,0,0,0,0
632,www.emba.uvm.edu,0,0,/~read/,0,http,0,2,0,1,0,1,0,0,0,0,0
633,www.uvm.edu,0,0,/~rullrich/first.html,0,http,0,2,0,1,0,1,0,0,0,0,0
634,www.emba.uvm.edu,0,0,/~mirchand/,0,http,0,2,0,1,0,1,0,0,0,0,0
635,mansfield.emba.uvm.edu,0,0,/~douglas/,0,http,0,2,0,1,0,1,0,0,0,0,0
636,www.emba.uvm.edu,0,0,/~rcrouse/,0,http,0,2,0,1,0,1,0,0,0,0,0
637,www.uvm.edu,0,0,/~dbarring/home.html,0,http,0,2,0,1,0,1,0,0,0,0,0
638,www.emba.uvm.edu,0,0,/~dinitz/,0,http,0,2,0,1,0,1,0,0,0,0,0
639,www.emba.uvm.edu,0,0,/~dben/,0,http,0,2,0,1,0,1,0,0,0,0,0
640,www.emba.uvm.edu,0,0,/~burgmeie/,0,http,0,2,0,1,0,1,0,0,0,0,0
641,www.emba.uvm.edu,0,0,/~cooke/,0,http,0,2,0,1,0,1,0,0,0,0,0
642,www.emba.uvm.edu,0,0,/~puterbau/,0,http,0,2,0,1,0,1,0,0,0,0,0
643,www.emba.uvm.edu,0,0,/~wilson/,0,http,0,2,0,1,0,1,0,0,0,0,0
644,www.uvm.edu,0,0,/~dguber/,0,http,0,0,0,1,0,1,0,0,0,0,0
645,www.emba.uvm.edu,0,0,/~snapp/,0,http,0,2,0,1,0,1,0,0,0,0,0
646,www.uvm.edu,0,0,/~hag/personal/,0,http,0,0,0,1,0,1,0,0,0,0,0
647,www.uvm.edu,0,0,/~lizzo/,0,http,0,0,0,1,0,1,0,0,0,0,0
648,www.uvm.edu,0,0,/~der/,0,http,0,0,0,1,0,1,0,0,0,0,0
649,www.uvm.edu,0,0,/~jdion/,0,http,0,0,0,1,0,1,0,0,0,0,0
650,www.uvm.edu,0,0,/~dmatthew/,0,http,0,0,0,1,0,1,0,0,0,0,0
651,www.uvm.edu,0,0,/academics/catalogue2006-07/,0,http,0,0,0,1,0,1,0,0,0,0,0
652,optimization.asu.edu,0,0,/~xue/,0,http,0,0,0,1,0,1,0,0,0,0,0
653,universitycommunications.uvm.edu,0,0,/spring2001/webreleaseonunionpetitionresponse.htm,0,http,0,2,1,1,0,1,0,0,0,0,0
654,www.unitedacademics.org,0,0,/,0,http,0,0,0,0,0,0,0,0,0,0,2
655,voyager.uvm.edu,0,0,/,0,http,0,0,0,1,0,1,0,0,0,0,0
656,www.uvm.edu,0,0,/whale/,0,http,0,0,0,1,0,1,0,0,0,0,0
657,www.uvm.edu,0,0,/~fleming/,0,http,0,0,0,1,0,1,0,0,0,0,0
658,library.uvm.edu,0,0,/,0,http,0,0,0,1,0,1,0,0,0,0,0
659,library.uvm.edu,0,0,/dana/,0,http,0,0,0,1,0,1,0,0,0,0,0
660,www.uvm.edu,0,0,/perkins/,0,http,0,0,0,1,0,1,0,0,0,0,0
661,www.uvm.edu,0,0,/~pmrc/pmrccam.html,0,http,0,2,0,1,0,1,0,0,0,0,0
662,universitycommunications.uvm.edu,0,0,/tour/,0,http,0,0,2,1,0,1,0,0,0,0,0
663,www.uvm.edu,0,0,/~pmrc/sugarcam.html,0,http,0,2,0,1,0,1,0,0,0,0,0
664,www.uvm.edu,0,0,/map/,0,http,0,0,0,1,0,1,0,0,0,0,0
665,www.uvm.edu,0,0,/about_uvm/visiting/,0,http,0,2,2,1,0,1,0,0,0,0,0
666,www.uvm.edu,0,0,/uvmtoday/,0,http,0,0,0,1,0,1,0,0,0,0,0
667,universitycommunications.uvm.edu,0,0,/vq/index.html,0,http,0,2,0,1,0,1,0,0,0,0,0
668,universitycommunications.uvm.edu,0,0,/,0,http,0,0,0,1,0,1,0,0,0,0,0
669,www.vermontcynic.com,0,0,/,0,http,0,0,0,0,0,1,0,0,0,0,1
670,www.uvm.edu,0,0,/~vtconn/,0,http,0,0,0,1,0,1,0,0,0,0,0
671,www.uvm.edu,0,0,/~uvmemu/,0,http,0,0,0,1,0,1,0,0,0,0,0
672,www.uvm.edu,0,0,/~uvmtv/,0,http,0,0,0,1,0,1,0,0,0,0,0
673,www.uvm.edu,0,0,/~wruv/,0,http,0,0,0,1,0,1,0,0,0,0,0
674,www.uvm.edu,0,0,/~aaeo/,0,http,0,0,0,1,0,1,0,0,0,0,0
675,giraffe.uvm.edu,0,0,/~rgweb/,0,http,0,0,0,1,0,1,0,0,0,0,0
676,reslife.uvm.edu,0,0,/,0,http,0,0,0,1,0,1,0,0,0,0,0
677,www.uvm.edu,0,0,/~energy/,0,http,0,0,0,1,0,1,0,0,0,0,0
678,www.uvm.edu,0,0,/~uvmppd/,0,http,0,0,0,1,0,1,0,0,0,0,0
679,www.uvm.edu,0,0,/~cntrllrs/,0,http,0,0,0,1,0,1,0,0,0,0,0
680,www.uvm.edu,0,0,/~ofabweb/,0,http,0,0,0,1,0,1,0,0,0,0,0
681,www.uvm.edu,0,0,/~ugpdept/,0,http,0,0,0,1,0,1,0,0,0,0,0
682,www.uvm.edu,0,0,/~photo/,0,http,0,0,0,1,0,1,0,0,0,0,0
683,www.uvm.edu,0,0,/~catcard/,0,http,0,0,0,1,0,1,0,0,0,0,0
684,www.uvm.edu,0,0,/~plan/,0,http,0,0,0,1,0,1,0,0,0,0,0
685,www.uvm.edu,0,0,/~afsdept/,0,http,0,0,0,1,0,1,0,0,0,0,0
686,www.uvm.edu,0,0,/~uvmhr/,0,http,0,0,0,1,0,1,0,0,0,0,0
687,www.uvm.edu,0,0,/~training/,0,http,0,0,0,1,0,1,0,0,0,0,0
688,www.uvm.edu,0,0,/~sisi/,0,http,0,0,0,1,0,1,0,0,0,0,0
689,www.uvm.edu,0,0,/~purcard/,0,http,0,0,0,1,0,1,0,0,0,0,0
690,www.uvm.edu,0,0,/~arch/,0,http,0,0,0,1,0,1,0,0,0,0,0
691,www.uvm.edu,0,0,/~uvmppd/,0,http,0,1,1,1,0,1,0,0,0,0,0
692,www.uvm.edu,0,0,/~ospuvm/,0,http,0,0,0,1,0,1,0,0,0,0,0
693,www.uvm.edu,0,0,/~oacm/,0,http,0,0,0,1,0,1,0,0,0,0,0
694,www.uvm.edu,0,0,/studentlife/,0,http,0,0,0,1,0,1,0,0,0,0,0
695,www.uvm.edu,0,0,/~clascomp/,0,http,0,0,0,1,0,1,0,0,0,0,0
696,www.uvm.edu,0,0,/~dos/assist/,0,http,0,0,0,1,0,1,0,0,0,0,0
697,www.uvm.edu,0,0,/~juggle/,0,http,0,0,0,1,0,1,0,0,0,0,0
698,www.uvm.edu,0,0,/~uvmopt/,0,http,0,0,0,1,0,1,0,0,0,0,0
699,debate.uvm.edu,0,0,/,0,http,0,0,0,1,0,1,0,0,0,0,0
700,www.uvm.edu,0,0,/~service/,0,http,0,0,0,1,0,1,0,0,0,0,0
701,www.uvm.edu,0,0,/~catfs/,0,http,0,0,0,1,0,1,0,0,0,0,0
702,www.uvm.edu,0,0,/~alco/,0,http,0,0,0,1,0,1,0,0,0,0,0
703,www.uvm.edu,0,0,/sparc/,0,http,0,0,0,1,0,1,0,0,0,0,0
704,www.uvm.edu,0,0,/~uvmwoc/,0,http,0,0,0,1,0,1,0,0,0,0,0
705,www.uvm.edu,0,0,/~outside/,0,http,0,0,0,1,0,1,0,0,0,0,0
706,www.uvm.edu,0,0,/~topcats/,0,http,0,0,0,1,0,1,0,0,0,0,0
707,www.uvm.edu,0,0,/~legal,0,http,0,0,0,1,0,1,0,0,0,0,0
708,www.uvm.edu,0,0,/~rescue/,0,http,0,0,0,1,0,1,0,0,0,0,0
709,www.uvm.edu,0,0,/~hearts/,0,http,0,0,0,1,0,1,0,0,0,0,0
710,www.uvm.edu,0,0,/~boulder/,0,http,0,0,0,1,0,1,0,0,0,0,0
711,www.uvm.edu,0,0,/~skiclub/,0,http,0,0,0,1,0,1,0,0,0,0,0
712,www.uvm.edu,0,0,/greening/,0,http,0,0,0,1,0,1,0,0,0,0,0
713,www.uvm.edu,0,0,/~uvmsga/,0,http,0,0,0,1,0,1,0,0,0,0,0
714,www.uvm.edu,0,0,/~rlweb/ira/,0,http,0,0,0,1,0,1,0,0,0,0,0
715,www.emba.uvm.edu,0,0,/~asem,0,http,0,2,0,1,0,1,0,0,0,0,0
716,www.emba.uvm.edu,0,0,/~asce/,0,http,0,2,0,1,0,1,0,0,0,0,0
717,www.emba.uvm.edu,0,0,/~asme/,0,http,0,2,0,1,0,1,0,0,0,0,0
718,www.emba.uvm.edu,0,0,/~cssa/,0,http,0,2,0,1,0,1,0,0,0,0,0
719,www.uvm.edu,0,0,/~geogclub/,0,http,0,0,0,1,0,1,0,0,0,0,0
720,www.uvm.edu,0,0,/~goodrich/,0,http,0,0,0,1,0,1,0,0,0,0,0
721,pss.uvm.edu,0,0,/hortclub/,0,http,0,0,0,1,0,1,0,0,0,0,0
722,www.uvm.edu,0,0,/~phibeta/,0,http,0,0,0,1,0,1,0,0,0,0,0
723,universitycommunications.uvm.edu,0,0,/fall99releases/webclimbthewalls.htm,0,http,0,2,2,1,0,1,0,0,0,0,0
724,www.uvmgreeklife.com,0,0,/,0,http,0,0,0,0,0,0,0,0,0,0,1
725,www.agrinvt.org,0,0,/,0,http,0,0,0,2,0,2,0,0,0,0,1
726,www.uvm.edu,0,0,/~fiji2,0,http,0,0,0,1,0,1,0,0,0,0,0
727,www.uvm.edu,0,0,/~sigep/,0,http,0,0,0,1,0,1,0,0,0,0,0
728,www.uvm.edu,0,0,/~aphio/,0,http,0,0,0,1,0,1,0,0,0,0,0
729,www.uvm.edu,0,0,/~sigmaphi/home.htm,0,http,0,2,0,1,0,1,0,0,0,0,0
730,www.uvm.edu,0,0,/~uvmaz/,0,http,0,0,0,1,0,1,0,0,0,0,0
731,uvm.phideltatheta.org,0,0,/,0,http,0,0,0,0,0,1,0,0,0,0,2
732,www.uvm.edu,0,0,/~tridelt/,0,http,0,0,0,1,0,1,0,0,0,0,0
733,www.uvm.edu,0,0,/~uvmivcf/,0,http,0,0,0,1,0,1,0,0,0,0,0
734,www.uvmhillel.org,0,0,/,0,http,0,0,0,0,0,0,0,0,0,0,2
735,www.uvm.edu,0,0,/~ohpr/,0,http,0,0,0,1,0,1,0,0,0,0,0
736,www.uvm.edu,0,0,/~helix/,0,http,0,0,0,1,0,1,0,0,0,0,0
737,www.uvm.edu,0,0,/~vlrs/,0,http,0,0,0,1,0,1,0,0,0,0,0
738,pss.uvm.edu,0,0,/dept/hort_farm/,0,http,0,0,0,1,0,1,0,0,0,0,0
739,www.uvm.edu,0,0,/~crvt/,0,http,0,0,0,1,0,1,0,0,0,0,0
740,crs.uvm.edu,0,0,/,0,http,0,0,0,1,0,1,0,0,0,0,0
741,www.uvm.edu,0,0,/~susagctr/,0,http,0,0,0,1,0,1,0,0,0,0,0
742,www.uvm.edu,0,0,/~uvmsbf/,0,http,0,0,0,1,0,1,0,0,0,0,0
743,www.uvm.edu,0,0,/~dmatthew/,0,http,0,0,0,1,0,1,0,0,0,0,0
744,orchard.uvm.edu,0,0,/,0,http,0,0,0,1,0,1,0,0,0,0,0
745,blood.uvm.edu,0,0,/,0,http,0,0,0,1,0,1,0,0,0,0,0
746,www.uvm.edu,0,0,/~uvmchs/,0,http,0,0,0,1,0,1,0,0,0,0,0
747,www.uvm.edu,0,0,/~vtreads/uvmhome.html,0,http,0,2,0,1,0,1,0,0,0,0,0
748,www.snellingcenter.org,0,0,/,0,http,0,0,0,0,0,0,0,0,0,0,1
749,www.uvm.edu,0,0,/~epscor/,0,http,0,0,0,1,0,1,0,0,0,0,0
750,www.uvm.edu,0,0,/~plantbio/,0,http,0,1,2,1,0,1,0,0,0,0,0
751,www.uvm.edu,0,0,/vtaes/,0,http,0,0,0,1,0,1,0,0,0,0,0
752,www.uvm.edu,0,0,/~cdci/,0,http,0,0,0,1,0,1,0,0,0,0,0
753,cwf.uvm.edu,0,0,/cris/,0,http,0,0,0,1,0,1,0,0,0,0,0
754,www.uvminnovations.com,0,0,/,0,http,0,0,0,2,0,2,0,0,0,0,1
755,www.rcgrd.uvm.edu,0,0,/,0,http,0,2,0,1,0,1,0,0,0,0,0
756,www.dad.state.vt.us,0,0,/atp/resource%20links/communication.htm,0,http,0,1,2,0,0,1,0,0,0,0,2
757,www.uvm.edu,0,0,/envnr/vtcfwru/,0,http,0,0,0,1,0,1,0,0,0,0,0
758,www.uvm.edu,0,0,/~envnr/sal/,0,http,0,0,0,1,0,1,0,0,0,0,0
759,www.uvm.edu,0,0,/~compor/,0,http,0,0,0,1,0,1,0,0,0,0,0
760,www.uvm.edu,0,0,/~pmrc/,0,http,0,0,0,1,0,1,0,0,0,0,0
761,vtspacegrant.org,0,0,/,0,http,0,0,0,0,0,0,0,0,0,0,2
762,www.uvm.edu,0,0,/uvmtoday/community.html,0,http,0,2,0,1,0,1,0,0,0,0,0
763,www.uvm.edu,0,0,/~dpelkey/,0,http,0,0,0,1,0,1,0,0,0,0,0
764,agave.garden.org,0,0,/~aaronh/,0,http,0,0,0,0,0,0,0,0,0,0,0
765,www.uvm.edu,0,0,/~learnco/,0,http,0,0,0,1,0,1,0,0,0,0,0
766,www.uvm.edu,0,0,/~police/,0,http,0,0,0,1,0,1,0,0,0,0,0
767,www.uvm.edu,0,0,/~spirit/,0,http,0,0,0,1,0,1,0,0,0,0,0
768,www.uvm.edu,0,0,/~counscen/,0,http,0,0,0,1,0,1,0,0,0,0,0
769,www.uvm.edu,0,0,/~oies/,0,http,0,0,0,1,0,1,0,0,0,0,0
770,www.uvm.edu,0,0,/~women/,0,http,0,0,0,1,0,1,0,0,0,0,0
771,www.uvm.edu,0,0,/~ccpuvm/,0,http,0,0,0,1,0,1,0,0,0,0,0
772,www.uvm.edu,0,0,/~lgbtqa/,0,http,0,0,0,1,0,1,0,0,0,0,0
773,ctl.uvm.edu,0,0,/,0,http,0,0,0,1,0,1,0,0,0,0,0
774,www.uvm.edu,0,0,/health/,0,http,0,0,0,1,0,1,0,0,0,0,0
775,www.uvm.edu,0,0,/~tpswww/,0,http,0,0,0,1,0,1,0,0,0,0,0
776,uds.uvm.edu,0,0,/,0,http,0,0,0,1,0,1,0,0,0,0,0
777,www.uvm.edu,0,0,/~access/,0,http,0,0,0,1,0,1,0,0,0,0,0
778,www.uvm.edu,0,0,/~uvmiac/,0,http,0,0,0,1,0,1,0,0,0,0,0
779,www.uvm.edu,0,0,/~career,0,http,0,0,0,1,0,1,0,0,0,0,0
780,siri.uvm.edu,0,0,/,0,http,0,0,0,1,0,1,0,0,0,0,0
781,esf.uvm.edu,0,0,/,0,http,0,0,0,1,0,1,0,0,0,0,0
782,www.uvm.edu,0,0,/~wrtngctr/,0,http,0,0,0,1,0,1,0,0,0,0,0
783,www.vermontlaw.edu,0,0,/,0,http,0,0,0,1,0,1,0,0,0,0,2
784,www.vjel.org,0,0,NA,0,http,0,0,0,0,0,1,0,0,0,0,1
785,www.woodbury-college.edu,0,0,/,1,http,0,0,0,1,0,1,0,0,1,0,1
786,www.gwvirginia.gwu.edu,0,0,/,0,http,0,2,0,1,0,1,0,0,0,0,0
787,www.cdu.edu,0,0,/,0,http,0,0,0,1,0,1,0,0,0,0,2
788,www.umtweb.edu,0,0,/,0,http,0,0,0,1,0,1,0,0,0,0,2
789,www.virginia529.com,0,0,/,0,http,0,0,0,0,0,0,0,0,0,0,2
790,www.uacp.org,0,0,NA,0,http,0,0,0,0,0,1,0,0,0,0,1
791,www.cordobauniversity.org,0,0,/,0,http,0,0,0,0,0,1,0,0,0,0,1
792,www.artinstitutes.edu,0,0,/arlington/,0,http,0,0,0,1,0,1,0,0,0,0,0
793,www.apprenticeschool.com,0,0,NA,0,http,0,0,0,0,0,0,0,0,0,0,1
794,www.gobuilders.com,0,0,/,0,http,0,0,0,2,0,2,0,0,0,0,2
795,www.abbc.edu,0,0,/,0,http,0,0,0,1,0,1,0,0,1,0,1
796,www.averett.edu,0,0,/,0,http,0,0,0,1,0,1,0,0,0,0,2
797,www.averettcougars.com,0,0,/,0,http,0,0,0,0,0,0,0,0,0,0,2
798,www.bluefield.edu,0,0,/,0,http,0,0,0,1,0,1,0,0,0,0,2
799,www.bluefield.edu,0,0,/templates/system/details.asp,0,http,0,2,1,1,0,1,0,0,0,0,2
800,www.bridgewater.edu,0,0,/,0,http,0,0,0,1,0,1,0,0,0,0,2
801,www.bridgewater.edu,0,0,/athletics,0,http,0,0,0,1,0,1,0,0,0,0,2
802,christ-college.com,0,0,/,1,http,0,0,0,0,0,1,0,0,0,0,1
803,www.christendom.edu,0,0,NA,0,http,0,0,0,1,0,1,0,0,0,0,2
804,www.christendom.edu,0,0,/athletics/,0,http,0,0,0,1,0,1,0,0,0,0,2
805,www.cnu.edu,0,0,/,0,http,0,0,0,1,0,1,0,0,0,0,2
806,www.cnubooks.com,0,0,/,0,http,0,0,0,2,0,2,0,0,0,0,1
807,eebweb.arizona.edu,0,0,/faculty/hopp/vireo.html,0,http,0,2,0,1,0,1,0,0,0,0,0
808,www.utahbirds.org,0,0,/birdsofutah/birdsl-r/plumbeousvireo.htm,0,http,0,2,2,0,0,1,0,0,0,0,2
809,www.greglasley.net,0,0,/gvireo.html,0,http,0,2,0,0,0,0,0,0,0,0,1
810,birds.cornell.edu,0,0,/bfl/speciesaccts/casvir.html,0,http,0,2,0,1,0,1,0,0,0,0,0
811,www.mbr-pwrc.usgs.gov,0,0,/id/framlst/i6230id.html,1,http,0,1,0,1,0,1,0,0,0,0,0
812,www.wbu.com,0,0,/chipperwoods/photos/revireo.htm,0,http,0,2,0,0,0,1,0,0,0,0,2
813,www.stanfordalumni.org,0,0,/birdsite/text/species/hutton's_vireo.html,0,http,0,2,2,0,0,1,0,0,0,0,2
814,www.mbr-pwrc.usgs.gov,0,0,/id/framlst/i6290id.html,1,http,0,1,0,1,0,1,0,0,0,0,0
815,faculty.ncwc.edu,0,0,/mbrooks/pif/bird%20profiles/whiteeyed_vireo.htm,0,http,0,2,2,1,0,1,0,0,0,0,2
816,www.arthurgrosset.com,0,0,/sabirds/rufous-browed%20peppershrike.html,0,http,0,2,2,2,0,2,0,0,0,1,2
817,www.arthurgrosset.com,0,0,/sabirds/slaty-cappedshrike-vireo.html,0,http,0,2,2,2,0,2,0,0,0,1,2
818,audubon2.org,0,0,/webapp/watchlist/viewspecies.jsp,0,http,0,0,2,0,0,1,0,0,0,0,1
819,www.mbr-pwrc.usgs.gov,0,0,/id/framlst/i6330id.html,1,http,0,1,0,1,0,1,0,0,0,0,0
820,www.amonline.net.au,0,0,/factsheets/silvereye.htm,0,http,0,1,0,1,0,1,0,0,0,0,2
821,www.kenyabirds.org.uk,0,0,/nhs_w_eye.htm,0,http,0,1,0,0,0,0,0,0,0,0,1
822,www.birdlife.org,0,0,/datazone/species/index.html,0,http,0,1,1,0,0,1,0,0,0,0,2
823,www.nzbirds.com,0,0,/birds/tauhou.html,0,http,0,2,0,1,0,0,0,0,0,0,2
824,en.wikipedia.org,0,0,/wiki/estrildid_finch,0,http,0,0,0,2,0,2,0,0,0,0,0
825,en.wikipedia.org,0,0,/wiki/swee_waxbill,0,http,0,0,0,2,0,2,0,0,0,0,0
826,astorwilliam.tripod.com,0,0,/,0,http,0,0,0,0,0,0,0,0,0,0,1
827,en.wikipedia.org,0,0,/wiki/muscicapidae,0,http,0,0,0,2,0,2,0,0,0,0,0
828,www.naturia.per.sg,0,0,/buloh/birds/copsychus_saularis.htm,0,http,0,1,2,0,0,1,0,0,0,0,2
829,www.birdguides.com,0,0,/species/species.asp,0,http,0,2,2,2,0,2,0,0,0,0,2
830,www.birdguides.com,0,0,/species/species.asp,0,http,0,2,2,2,0,2,0,0,0,0,2
831,www.birdguides.com,0,0,/species/species.asp,0,http,0,2,2,2,0,2,0,0,0,0,2
832,www.birdguides.com,0,0,/species/species.asp,0,http,0,2,2,0,0,2,0,0,0,0,2
833,ibc.hbw.com,0,0,/ibc/phtml/familia.phtml,0,http,0,2,2,0,0,0,0,0,0,0,2
834,en.wikipedia.org,0,0,/wiki/pycnonotidae,0,http,0,0,0,2,0,2,0,0,0,0,0
835,www.naturia.per.sg,0,0,/buloh/birds/pycnonotus_goiavier.htm,0,http,0,1,2,0,0,1,0,0,0,0,2
836,www.birdlife.org,0,0,/datazone/species/index.html,0,http,0,1,1,0,0,1,0,0,0,0,2
837,www.birdlife.org,0,0,/datazone/species/index.html,0,http,0,1,1,0,0,1,0,0,0,0,2
838,www.birdlife.org,0,0,/datazone/species/index.html,0,http,0,1,1,0,0,1,0,0,0,0,2
839,en.wikipedia.org,0,0,/wiki/cisticolidae,0,http,0,0,0,2,0,2,0,0,0,0,0
840,www.naturia.per.sg,0,0,/buloh/birds/prinia_flaviventris.htm,0,http,0,1,2,0,0,1,0,0,0,0,2
841,en.wikipedia.org,0,0,/wiki/nectarinidae,0,http,0,0,0,2,0,2,0,0,0,0,0
842,www.naturia.per.sg,0,0,/buloh/birds/nectarina_calcosthetha.htm,0,http,0,1,2,0,0,1,0,0,0,0,2
843,www.naturia.per.sg,0,0,/buloh/birds/nectarina_jugularis.htm,0,http,0,1,2,0,0,1,0,0,0,0,2
844,home1.gte.net,0,0,/dgl1/pelican.html,0,http,0,2,0,2,0,2,0,0,0,0,2
845,raysweb.net,0,0,/specialplaces/pages/pelican.html,0,http,0,0,0,0,0,0,0,0,0,0,2
846,animaldiversity.ummz.umich.edu,0,0,/site/accounts/information/pelecanus_erythrorhynchos.html,0,http,0,1,1,1,0,1,0,0,0,0,0
847,animaldiversity.ummz.umich.edu,0,0,/site/accounts/information/pelecanus_occidentalis.html,0,http,0,1,1,1,0,1,0,0,0,0,0
848,www.kenyabirds.org.uk,0,0,/gw_pelican.htm,0,http,0,1,0,0,0,0,0,0,0,0,1
849,www.kenyabirds.org.uk,0,0,/pb_pelican.htm,0,http,0,1,0,0,0,0,0,0,0,0,1
850,migratorybirds.fws.gov,0,0,/issues/cormorant/greatlakes_q&amp,0,http,0,2,2,1,0,1,0,0,0,0,0
851,web.tiscali.it,0,0,/sv2001/,0,http,0,0,0,0,0,1,0,0,0,0,0
852,nzbirds.com,0,0,/birds/kawau.html,0,http,0,0,0,0,0,0,0,0,0,0,2
853,www.coldwaterimages.com,0,0,/brandt_s_cormorant.html,0,http,0,2,2,0,0,1,0,0,0,0,1
854,www.kenyabirds.org.uk,0,0,/great_cormorant.htm,0,http,0,1,0,0,0,0,0,0,0,0,1
855,www.kenyabirds.org.uk,0,0,/cormorant-lt.htm,0,http,0,1,0,0,0,0,0,0,0,0,1
856,animaldiversity.ummz.umich.edu,0,0,/site/accounts/information/sula_nebouxii.html,0,http,0,1,1,1,0,1,0,0,0,0,0
857,bioweb.uwlax.edu,0,0,/bio203/s2008/kops_aman/,0,http,0,0,0,1,0,1,0,0,0,0,0
858,www.fws.gov,0,0,/midway/mabo.html,0,http,0,2,0,1,0,1,0,0,0,0,0
859,en.wikipedia.org,0,0,/wiki/sula_(bird),0,http,0,0,0,2,0,2,0,0,0,0,0
860,www.fws.gov,0,0,/midway/brbo.html,0,http,0,2,0,1,0,1,0,0,0,0,0
861,www.fws.gov,0,0,/midway/rfbo.html,0,http,0,2,0,1,0,1,0,0,0,0,0
862,www.nzbirds.com,0,0,/birds/takapu.html,0,http,0,2,0,0,0,1,0,0,0,0,2
863,en.wikipedia.org,0,0,/wiki/darter,0,http,0,0,0,2,0,2,0,0,0,0,0
864,www.kenyabirds.org.uk,0,0,/darter.htm,0,http,0,1,0,0,0,0,0,0,0,0,1
865,ibc.hbw.com,0,0,/ibc/phtml/familia.phtml,0,http,0,2,2,0,0,0,0,0,0,0,2
866,www.thebigzoo.com,0,0,/animals/lesser_flamingo.asp,0,http,0,2,0,0,0,0,0,0,0,0,1
867,www.geocities.com,0,0,/flamingo22701/flamingo_mania,0,http,0,0,0,2,0,2,0,0,0,0,2
868,www.geocities.com,0,0,/petsburgh/1975/flamingo.html,0,http,0,2,0,2,0,2,0,0,0,0,2
869,animaldiversity.ummz.umich.edu,0,0,/site/accounts/information/phoenicopterus_ruber.html,0,http,0,1,1,1,0,1,0,0,0,0,0
870,www.mbr-pwrc.usgs.gov,0,0,/id/framlst/i1820id.html,1,http,0,1,0,1,0,1,0,0,0,0,0
871,animals.about.com,0,0,/od/birds/p/greaterflamingo.htm,0,http,0,2,2,2,0,2,0,0,0,1,0
872,www.stanford.edu,0,0,/group/stanfordbirds/text/essays/flamingo_feeding.html,0,http,0,2,1,1,0,1,0,0,0,0,0
873,bioweb.uwlax.edu,0,0,/bio203/s2007/greaney_megh,0,http,0,0,0,1,0,1,0,0,0,0,0
874,www.kenyabirds.org.uk,0,0,/flamingo_g.htm,0,http,0,1,0,0,0,0,0,0,0,0,1
875,www.kenyabirds.org.uk,0,0,/flamingo_l.htm,0,http,0,1,0,0,0,0,0,0,0,0,1
876,www.bbc.co.uk,0,0,/nature/wildfacts/factfiles/3104.shtml,0,http,0,1,2,2,0,2,0,0,0,0,0
877,www.montereybay.com,0,0,/creagrus/woodpeckers.html,0,http,0,2,0,0,0,0,0,0,0,0,2
878,montereybay.com,0,0,/creagrus/barbets.html,0,http,0,0,0,0,0,0,0,0,0,0,2
879,montereybay.com,0,0,/creagrus/asian_barbets.html,0,http,0,0,0,0,0,0,0,0,0,0,2
880,montereybay.com,0,0,/creagrus/african_barbets.html,0,http,0,0,0,0,0,0,0,0,0,0,2
881,animaldiversity.ummz.umich.edu,0,0,/site/accounts/classification/piciformes.html,0,http,0,1,1,1,0,1,0,0,0,0,0
882,pelotes.jea.com,0,0,/animalfact/birds/woodpeck.htm,0,http,0,2,0,0,0,0,0,0,1,0,2
883,www.kenyabirds.org.uk,0,0,/barbet-wh.htm,0,http,0,1,0,0,0,0,0,0,0,0,1
884,www.kenyabirds.org.uk,0,0,/ry_barbet.htm,0,http,0,1,0,0,0,0,0,0,0,0,1
885,www.honoluluzoo.org,0,0,/red_and_yellow_barbet.htm,0,http,0,2,0,0,0,0,0,0,0,0,2
886,www.kenyabirds.org.uk,0,0,/d_barbet.htm,0,http,0,1,0,0,0,0,0,0,0,0,1
887,www.kenyabirds.org.uk,0,0,/tinker-rf.htm,0,http,0,1,0,0,0,0,0,0,0,0,1
888,www.kenyabirds.org.uk,0,0,/nubian_wp.htm,0,http,0,1,0,0,0,0,0,0,0,0,1
889,www.juliezickefoose.com,0,0,/articles/ivory_billed_wp.html,0,http,0,2,2,0,0,0,0,0,0,0,1
890,www.museum.lsu.edu,0,0,/~remsen/ibw.html,0,http,0,1,0,1,0,1,0,0,0,0,0
891,www.rainforestconservation.org,0,0,/data_sheets/birds/cc_woodpecker.html,0,http,0,2,2,0,0,1,0,0,0,0,2
892,animaldiversity.ummz.umich.edu,0,0,/site/accounts/sounds/campephilus_guatemalensis.html,0,http,0,1,1,1,0,1,0,0,0,0,0
893,www.npr.org,0,0,/templates/story/story.php,0,http,0,2,2,0,0,1,0,0,0,0,0
894,www.sciencemag.org,0,0,/cgi/content/abstract/1114103,0,http,0,0,2,0,0,0,0,0,0,0,0
895,www.corante.com,0,0,/loom/archives/2005/04/28/reports_of_my_extinction_are_greatly_exaggerated.php,0,http,0,2,1,2,0,2,0,0,1,0,2
896,www.nature.org,0,0,/ivorybill/,0,http,0,0,0,0,0,0,0,0,0,0,0
897,www.ivorybill.org,0,0,/,0,http,0,0,0,2,0,1,0,0,0,0,1
898,www.fws.gov,0,0,/ivorybill/,0,http,0,0,0,1,0,1,0,0,0,0,0
899,www.ivorybills.blogspot.com,0,0,/,0,http,0,2,0,1,1,1,0,0,0,1,2
900,www.ibwo.org,0,0,/,0,http,0,0,0,0,0,1,0,0,0,0,1
901,www.ivory-bill-woodpecker.com,0,0,/,1,http,0,0,0,0,0,1,0,0,1,0,1
902,www.birds.cornell.edu,0,0,/ivory/,0,http,0,2,0,1,0,1,0,0,0,0,0
903,web2.uwindsor.ca,0,0,/courses/biology/dmennill/ibwo/ibwoindex.php,0,http,0,2,2,0,0,0,0,0,0,0,0
904,www.avesphoto.com,0,0,/website/na/species/flkgil-1.htm,0,http,0,2,2,2,0,2,0,0,0,0,1
905,www.nenature.com,0,0,/northernflicker.htm,0,http,0,2,0,0,0,0,0,0,0,0,2
906,www.mbr-pwrc.usgs.gov,0,0,/id/framlst/i4140id.html,1,http,0,1,0,1,0,1,0,0,0,0,0
907,www.mbr-pwrc.usgs.gov,0,0,/id/framlst/i4050id.html,1,http,0,1,0,1,0,1,0,0,0,0,0
908,www.mangoverde.com,0,0,/birdsound/spec/spec104-167.html,0,http,0,2,2,0,0,0,0,0,0,0,2
909,www.nenature.com,0,0,/pileatedwoodpecker.htm,0,http,0,2,0,0,0,0,0,0,0,0,2
910,www.pileatedwoodpeckercentral.com,0,0,/,0,http,0,0,0,2,0,2,0,0,0,0,1
911,birds.cornell.edu,0,0,/bfl/speciesaccts/lewwoo.html,0,http,0,2,0,1,0,1,0,0,0,0,0
912,www.focusonnature.com,0,0,/puertoricanwoodpecker.htm,0,http,0,2,2,0,0,1,0,0,0,0,2
913,www.landiss.com,0,0,/woodpecker.htm,0,http,0,2,0,0,0,1,0,0,0,0,2
914,www.mbr-pwrc.usgs.gov,0,0,/id/framlst/i4110id.html,1,http,0,1,0,1,0,1,0,0,0,0,0
915,www.birdphotography.com,0,0,/species/giwo.html,0,http,0,2,0,0,0,0,0,0,0,0,2
916,www.birdsofoklahoma.net,0,0,/gfwoodpecker.htm,0,http,0,2,0,1,1,1,0,0,0,0,1
917,www.arthurgrosset.com,0,0,/sabirds/whitewoodpecker.html,0,http,0,2,2,2,0,2,0,0,0,1,2
918,www.nenature.com,0,0,/redheadedwoodpecker.htm,0,http,0,2,0,0,0,0,0,0,0,0,2
919,www.nenature.com,0,0,/redbelliedwoodpecker.htm,0,http,0,2,0,0,0,0,0,0,0,0,2
920,animaldiversity.ummz.umich.edu,0,0,/site/accounts/information/melanerpes_formicivorus.html,0,http,0,1,1,1,0,1,0,0,0,0,0
921,www.birding.com,0,0,/topbirds/572aw.asp,0,http,0,2,0,0,0,0,0,0,0,0,2
922,www.birds.cornell.edu,0,0,/allaboutbirds/birdguide/red-bellied_woodpecker_dtl.html,0,http,0,1,1,1,0,1,0,0,0,0,0
923,www.birds.cornell.edu,0,0,/allaboutbirds/birdguide/red-headed_woodpecker.html,0,http,0,1,1,1,0,1,0,0,0,0,0
924,www.squirrelhouse.com,0,0,/enter/birds/index.html,0,http,0,2,0,0,0,0,0,0,0,0,1
925,rcwrecovery.fws.gov,0,0,/,0,http,0,0,0,1,0,1,0,0,0,0,0
926,www.wbu.com,0,0,/chipperwoods/photos/downy.htm,0,http,0,2,0,0,0,1,0,0,0,0,2
927,www.mbr-pwrc.usgs.gov,0,0,/id/framlst/i3970id.html,1,http,0,1,0,1,0,1,0,0,0,0,0
928,www.mbr-pwrc.usgs.gov,0,0,/id/framlst/i3960id.html,1,http,0,1,0,1,0,1,0,0,0,0,0
929,www.wbu.com,0,0,/chipperwoods/photos/hwood.htm,0,http,0,2,0,0,0,1,0,0,0,0,2
930,www.mbr-pwrc.usgs.gov,0,0,/id/framlst/i3980id.html,1,http,0,1,0,1,0,1,0,0,0,0,0
931,www.mbr-pwrc.usgs.gov,0,0,/id/framlst/i4010id.html,1,http,0,1,0,1,0,1,0,0,0,0,0
932,www.birdnature.com,0,0,/bb3tw.html,0,http,0,2,0,0,0,0,0,0,0,0,1
933,www.nenature.com,0,0,/downywoodpecker.htm,0,http,0,2,0,0,0,0,0,0,0,0,2
934,www.nenature.com,0,0,/hairywoodpecker.htm,0,http,0,2,0,0,0,0,0,0,0,0,2
935,birds.cornell.edu,0,0,/bfl/speciesaccts/ariwoo.html,0,http,0,2,0,1,0,1,0,0,0,0,0
936,animaldiversity.ummz.umich.edu,0,0,/site/accounts/information/picoides_scalaris.html,0,http,0,1,1,1,0,1,0,0,0,0,0
937,www.woodpeckersofeurope.info,0,0,/,0,http,0,0,0,0,0,1,0,0,1,0,1
938,www.birds.cornell.edu,0,0,/allaboutbirds/birdguide/nuttalls_woodpecker_dtl.html,0,http,0,1,1,1,0,1,0,0,0,0,0
939,biology.mhc.edu,0,0,/ybsa/,0,http,0,0,0,1,0,1,0,0,1,0,1
940,imnh.isu.edu,0,0,/digitalatlas/bio/birds/wdpkrs/rnsa/rnsa_mai.htm,0,http,0,2,2,1,0,1,0,0,0,0,0
941,www.stanfordalumni.org,0,0,/birdsite/text/species/red-breasted_sapsucker.html,0,http,0,2,1,0,0,1,0,0,0,0,2
942,www.birdphotography.com,0,0,/species/rbsa.html,0,http,0,2,0,0,0,0,0,0,0,0,2
943,www.mbr-pwrc.usgs.gov,0,0,/id/framlst/i4021id.html,1,http,0,1,0,1,0,1,0,0,0,0,0
944,www.nenature.com,0,0,/yellowbelliedsapsucker.htm,0,http,0,2,0,0,0,0,0,0,0,0,2
945,imnh.isu.edu,0,0,/digitalatlas/bio/birds/wdpkrs/wisa/wisa_mai.htm,0,http,0,2,2,1,0,1,0,0,0,0,0
946,www.birds.cornell.edu,0,0,/allaboutbirds/birdguide/yellow-bellied_sapsucker.html,0,http,0,1,1,1,0,1,0,0,0,0,0
947,bioweb.uwlax.edu,0,0,/bio203/s2008/todd_ange/,0,http,0,0,0,1,0,1,0,0,0,0,0
948,www.kenyabirds.org.uk,0,0,/barb-bt.htm,0,http,0,1,0,0,0,0,0,0,0,0,1
949,www.kenyabirds.org.uk,0,0,/barb-sf.htm,0,http,0,1,0,0,0,0,0,0,0,0,1
950,www.kenyabirds.org.uk,0,0,/barb-rf.htm,0,http,0,1,0,0,0,0,0,0,0,0,1
951,www.mbr-pwrc.usgs.gov,0,0,/id/framlst/i0011id.html,1,http,0,1,0,1,0,1,0,0,0,0,0
952,www.dnr.state.wi.us,0,0,/org/land/er/factsheets/birds/rdnkgr.htm,0,http,0,1,2,0,0,1,0,0,0,0,0
953,www.nenature.com,0,0,/piedbilledgrebe.htm,0,http,0,2,0,0,0,0,0,0,0,0,2
954,www.npwrc.usgs.gov,0,0,/resource/birds/forest/species/podinigr.htm,0,http,0,1,2,1,0,1,0,0,0,0,0
955,www.npwrc.usgs.gov,0,0,/resource/birds/forest/species/podipodi.htm,0,http,0,1,2,1,0,1,0,0,0,0,0
956,www.neseabirds.com,0,0,/sheargreat.htm,0,http,0,2,0,2,0,0,0,0,0,0,2
957,www.neseabirds.com,0,0,/shearcory.htm,0,http,0,2,0,2,0,0,0,0,0,0,2
958,www.neseabirds.com,0,0,/shearwatermanx.htm,0,http,0,2,0,2,0,0,0,0,0,0,2
959,www.neseabirds.com,0,0,/shearwateraudubon.htm,0,http,0,2,0,2,0,0,0,0,0,0,2
960,www.avesphoto.com,0,0,/website/na/species/shwlit-1.htm,0,http,0,2,2,2,0,2,0,0,0,0,1
961,www.austmus.gov.au,0,0,/factsheets/wandering_albatross.htm,0,http,0,1,2,1,0,1,0,0,0,0,2
962,www.shearwaterjourneys.com,0,0,/shyalbatross.html,0,http,0,2,0,0,0,0,0,0,0,0,2
963,www.neseabirds.com,0,0,/stormpwsp.htm,0,http,0,2,0,2,0,0,0,0,0,0,2
964,www.neseabirds.com,0,0,/stormpetrelwf.htm,0,http,0,2,0,2,1,0,0,0,0,0,2
965,www.seabirding.com,0,0,/bpiimage.htm,0,http,0,2,0,0,0,1,0,0,0,0,2
966,www.oceanwanderers.com,0,0,/bermudapet.html,0,http,0,2,0,0,0,1,0,0,0,0,2
967,www.borealforest.org,0,0,/world/birds/short_tailed_shearwater.htm,0,http,0,2,2,0,0,0,0,0,0,0,2
968,nzbirds.com,0,0,/birds/bluepetrel.html,0,http,0,0,0,0,0,0,0,0,0,0,2
969,www.avesphoto.com,0,0,/website/na/species/petbcp-2.htm,0,http,0,2,2,2,0,2,0,0,0,0,1
970,www.mbr-pwrc.usgs.gov,0,0,/id/framlst/i1090id.html,1,http,0,1,0,1,0,1,0,0,0,0,0
971,www.birdguides.com,0,0,/species/species.asp,0,http,0,2,2,2,0,2,0,0,0,0,2
972,nzbirds.com,0,0,/birds/titi.html,0,http,0,0,0,0,0,0,0,0,0,0,2
973,www.falklandsconservation.com,0,0,/wildlife/albatross/black-browed-albatross.html,0,http,0,2,1,0,0,1,0,0,0,0,2
974,www.falklandsconservation.com,0,0,/wildlife/albatross/southern-giant-petrel.html,0,http,0,2,1,0,0,1,0,0,0,0,2
975,www.falklandsconservation.com,0,0,/wildlife/albatross/white-chinned-petrel.html,0,http,0,2,1,0,0,1,0,0,0,0,2
976,www.parrotsinternational.org,0,0,/,0,http,0,0,0,0,0,0,0,0,0,0,1
977,www.netpets.com,0,0,/birds/reference/lafeber/8/incredible_beak.html,0,http,0,2,2,0,0,1,0,0,0,0,2
978,www.freeparrots.net,0,0,NA,0,http,0,0,0,0,0,0,0,0,0,0,1
979,hatchedtoflyfree.org,0,0,/,0,http,0,0,0,0,0,1,0,0,0,0,1
980,vtpb-www2.cvm.tamu.edu,0,0,/brightsmith/,1,http,0,2,0,1,0,1,0,0,1,0,0
981,www.cityparrots.org,0,0,/,0,http,0,0,0,2,0,1,0,0,0,0,2
982,www.nzbirds.com,0,0,/birds/sulphurcrested.html,0,http,0,2,0,0,0,0,0,0,0,0,2
983,papagaio2000.sites.uol.com.br,0,0,/indexing.htm,0,http,0,1,0,1,0,1,0,0,0,0,2
984,www.nepa.gov.jm,0,0,/yourenv/biodiversity/species/black_billed.htm,0,http,0,1,2,1,0,1,0,0,0,0,2
985,www.avesphoto.com,0,0,/website/na/species/parrcr-1.htm,0,http,0,2,2,2,0,2,0,0,0,0,1
986,www.oaklandzoo.org,0,0,/meet_the_animals/yellow-naped-amazon-parrot*,0,http,0,0,2,0,0,0,0,0,0,0,2
987,www.greatgreenmacaw.org,0,0,/,0,http,0,0,0,0,0,1,0,0,0,0,1
988,hatchedtoflyfree.homestead.com,0,0,/,0,http,0,0,0,0,0,0,0,0,0,0,1
989,www.bluemacaws.org,0,0,/,0,http,0,0,0,0,0,1,0,0,0,0,2
990,freespace.virgin.net,0,0,/susan.armitage/macaws.htm,0,http,0,1,0,0,0,1,0,0,0,0,2
991,www.macawlanding.org,0,0,/,0,http,0,0,0,0,0,1,0,0,0,0,1
992,vtpb-www2.cvm.tamu.edu,0,0,/brightsmith/,1,http,0,2,0,1,0,1,0,0,1,0,0
993,www.nzbirds.com,0,0,/birds/kakarikiyellow.html,0,http,0,2,0,0,0,0,0,0,0,0,2
994,nzbirds.com,0,0,/birds/antipodesparakeet.html,0,http,0,0,0,0,0,0,0,0,0,0,2
995,animaldiversity.ummz.umich.edu,0,0,/site/accounts/information/nestor_notabilis.html,0,http,0,1,1,1,0,1,0,0,0,0,0
996,www.nzbirds.com,0,0,/birds/kea.html,0,http,0,2,0,0,0,0,0,0,0,0,2
997,nzbirds.com,0,0,/birds/kaka.html,0,http,0,0,0,0,0,0,0,0,0,0,2
998,haryana-online.com,0,0,/fauna/birds/alexandrine_parakeet.htm,1,http,0,0,2,2,0,2,0,0,0,0,2
999,www.birdlife.org,0,0,/datazone/species/index.html,0,http,0,1,1,0,0,1,0,0,0,0,2
1000,www.kakapo.net,0,0,/,0,http,0,0,0,2,0,2,0,0,0,0,1
1001,en.wikipedia.org,0,0,/wiki/kakapo,0,http,0,0,0,2,0,2,0,0,0,0,0
1002,nzbirds.com,0,0,/birds/kakapo.html,0,http,0,0,0,0,0,0,0,0,0,0,2
1003,www.kakaporecovery.org.nz,0,0,/,0,http,0,2,0,1,0,1,0,0,0,0,2
1004,bioweb.uwlax.edu,0,0,/bio203/s2008/runde_sama/,0,http,0,0,0,1,0,1,0,0,0,0,0
1005,www.kenyabirds.org.uk,0,0,/parrot-ob.htm,0,http,0,1,0,0,0,0,0,0,0,0,1
1006,www.wingscentral.org,0,0,/aps/faqcapes.aspx,0,http,0,2,0,0,0,1,0,0,0,0,1
1007,www.wingscc.com,0,0,/aps/poicep.htm,0,http,0,2,0,0,0,1,0,0,0,0,2
1008,www.seabirds.org,0,0,/penguins.htm,0,http,0,2,0,0,0,0,0,0,0,0,2
1009,www.penguin.net.nz,0,0,/,0,http,0,2,0,1,0,1,0,0,0,0,2
1010,www.bluemoon.net,0,0,/~opus/nframe/penguin.html,0,http,0,2,0,0,0,0,0,0,0,0,2
1011,octopus.gma.org,0,0,/surfing/antarctica/penguin.html,0,http,0,2,2,0,0,1,0,0,0,0,2
1012,www.antarcticconnection.com,0,0,/antarctic/wildlife/penguins/index.shtml,0,http,0,2,2,0,0,0,0,0,0,0,2
1013,www.penguins.cl,0,0,/,0,http,0,0,0,0,0,0,0,0,0,0,2
1014,www.falklands.net,0,0,/,0,http,0,0,0,0,0,0,0,0,0,0,1
1015,englishnf.pinguins.info,0,0,/,0,http,0,0,0,0,0,0,0,0,1,0,2
1016,www.gdargaud.net,0,0,/antarctica/penguins.html,0,http,0,2,0,0,0,1,0,0,0,0,2
1017,www.adelie.pwp.blueyonder.co.uk,0,0,/,0,http,0,1,0,0,0,0,0,0,0,0,2
