Protocol,Domain,Path,Having_IP,URL_Length,Having_@_symbol,Redirection_//_symbol,Prefix_suffix_separation,Sub_domains,tiny_url,web_traffic,domain_registration_length,dns_record,statistical_report,age_domain,http_tokens,label
http,asesoresvelfit.com,/media/datacredito.co/,0.0,0.0,0.0,0.0,0.0,0.0,1.0,1.0,1.0,1.0,0.0,1.0,0.0,1
http,caixa.com.br.fgtsagendesaqueconta.com,/consulta8523211/principal.php,0.0,1.0,0.0,0.0,0.0,1.0,0.0,1.0,1.0,1.0,1.0,1.0,0.0,1
http,hissoulreason.com,/js/homepage/home/,0.0,0.0,0.0,0.0,0.0,0.0,0.0,1.0,1.0,1.0,1.0,1.0,0.0,1
http,unauthorizd.newebpage.com,/webapps/66fbf/,0.0,0.0,0.0,0.0,0.0,0.0,0.0,1.0,1.0,1.0,1.0,1.0,0.0,1
http,133.130.103.10,/23/,1.0,0.0,0.0,0.0,0.0,2.0,0.0,1.0,1.0,1.0,0.0,1.0,0.0,1
http,dj00.co.vu,/css/,0.0,2.0,1.0,0.0,0.0,0.0,0.0,0.0,1.0,1.0,1.0,1.0,0.0,1
http,133.130.103.10,/21/logar/,1.0,0.0,0.0,0.0,0.0,2.0,0.0,1.0,1.0,1.0,0.0,1.0,0.0,1
http,httpssicredi.esy.es,/servico/sicredi/validarclientes/mobi/index.php,0.0,2.0,0.0,0.0,0.0,2.0,0.0,1.0,1.0,1.0,1.0,1.0,1.0,1
http,gamesaty.ga,/wp-content///yh/en/,0.0,2.0,0.0,1.0,0.0,0.0,0.0,1.0,1.0,1.0,0.0,1.0,0.0,1
http,luxuryupgradepro.com,/ymailNew/ymailNew/,0.0,0.0,0.0,0.0,0.0,0.0,0.0,1.0,1.0,1.0,0.0,1.0,0.0,1
http,133.130.103.10,/1/,1.0,0.0,0.0,0.0,0.0,2.0,0.0,1.0,1.0,1.0,0.0,1.0,0.0,1
http,133.130.103.10,/24/sicredi/psmlId/31/paneid/index.htm,1.0,2.0,0.0,0.0,0.0,1.0,0.0,1.0,1.0,1.0,0.0,1.0,0.0,1
http,smscaixaacesso.hol.es,,0.0,0.0,0.0,0.0,0.0,0.0,0.0,1.0,1.0,1.0,1.0,1.0,0.0,1
http,133.130.103.10,/7/SIIBC/siwinCtrl.php,1.0,0.0,0.0,0.0,0.0,1.0,0.0,1.0,1.0,1.0,0.0,1.0,0.0,1
http,tinyurl.com,/kjmmw57,0.0,0.0,0.0,0.0,0.0,0.0,1.0,0.0,1.0,1.0,0.0,1.0,0.0,1
http,wrightlandscapes.org,/no/T/Y1.html,0.0,0.0,0.0,0.0,0.0,0.0,0.0,1.0,1.0,1.0,1.0,1.0,0.0,1
http,mautic.eto-cms.ru,/themes/goldstar/mtbonline/newmandt/,0.0,2.0,0.0,0.0,1.0,0.0,0.0,1.0,1.0,1.0,0.0,1.0,0.0,1
http,ginatringali.com,//al/alibaba21012015/alibaba21012015/666/index.html,0.0,2.0,0.0,1.0,0.0,0.0,0.0,1.0,1.0,1.0,1.0,1.0,0.0,1
https,staticmail.000webhostapp.com,/,0.0,0.0,0.0,0.0,0.0,0.0,0.0,0.0,1.0,1.0,0.0,1.0,0.0,1
http,umeda.com.br,/bba/BOA/home/,0.0,0.0,0.0,0.0,0.0,0.0,0.0,1.0,1.0,1.0,1.0,1.0,0.0,1
http,krishworldwide.com,/BackUp/under/js/ayo1/index.html,0.0,2.0,0.0,0.0,0.0,0.0,0.0,1.0,1.0,1.0,0.0,1.0,0.0,1
http,yahoo.co.in,/email_open_log_pic.php,0.0,1.0,0.0,0.0,0.0,2.0,0.0,2.0,1.0,1.0,0.0,1.0,0.0,1
http,www.avcc.ac.in,/fonts/1/wropboxp/login.html,0.0,0.0,0.0,0.0,0.0,1.0,0.0,2.0,1.0,1.0,0.0,1.0,0.0,1
http,craig-hallum.ga,/sgg/1/login.htm,0.0,0.0,0.0,0.0,1.0,0.0,0.0,1.0,1.0,1.0,1.0,1.0,0.0,1
http,www.verification-mobile-nab.com,/cgi/e8e11a52ed442dc4b327eaa2f19c2521/login/,0.0,1.0,0.0,0.0,1.0,0.0,0.0,1.0,1.0,1.0,1.0,1.0,0.0,1
http,verification-mobile-nab.com,/cgi/e8e11a52ed442dc4b327eaa2f19c2521/login/,0.0,1.0,0.0,0.0,1.0,0.0,0.0,1.0,1.0,1.0,1.0,1.0,0.0,1
http,www.justpiddlinboutique.com,/win/image.htm,0.0,0.0,0.0,0.0,0.0,2.0,0.0,1.0,1.0,1.0,0.0,1.0,0.0,1
http,vcsolutionscorp.com,/Block/image.htm,0.0,0.0,0.0,0.0,0.0,0.0,0.0,1.0,1.0,1.0,1.0,1.0,0.0,1
http,almasur.com,/wp-includes/pomo/docusign17/,0.0,0.0,0.0,0.0,0.0,0.0,0.0,1.0,1.0,1.0,0.0,1.0,0.0,1
http,asesoresvelfit.com,/media/cms/datacredito.co/,0.0,0.0,0.0,0.0,0.0,0.0,1.0,1.0,1.0,1.0,0.0,1.0,0.0,1
https,getpeopleplus.com,/EserviceMain/irs/ir/index.html,0.0,2.0,0.0,0.0,0.0,0.0,0.0,1.0,1.0,1.0,0.0,1.0,0.0,1
https,taeamigo.com,/EserviceMain/irs/ir/index.html,0.0,0.0,0.0,0.0,0.0,0.0,0.0,1.0,1.0,1.0,0.0,1.0,0.0,1
https,elmundo-latino.com,/ir/index.html,0.0,0.0,0.0,0.0,1.0,0.0,0.0,1.0,1.0,1.0,1.0,1.0,0.0,1
http,sociopremiosedescontos.com,/cadastro/,0.0,0.0,0.0,0.0,0.0,0.0,0.0,1.0,1.0,1.0,1.0,1.0,0.0,1
http,cartaopremiadosicoob.com,,0.0,0.0,0.0,0.0,0.0,0.0,0.0,1.0,1.0,1.0,1.0,1.0,0.0,1
http,ms-0ffice365supportplanquota.us.com0203499083934.elegantvapour.co.uk,/0-009021--0203499083934.l3992389100283901233232400349902132443940090132/hotmail.login/client_id=00000002-0000-0ff1-ce00-000000000000&amp;/000-pc.domain/officelogin1.html,0.0,1.0,0.0,0.0,1.0,1.0,0.0,1.0,1.0,1.0,1.0,1.0,0.0,1
http,www.travrica.com,/ntime/T/Y1.html,0.0,0.0,0.0,0.0,0.0,2.0,0.0,1.0,1.0,1.0,0.0,1.0,0.0,1
http,system-tnc.esy.es,/recovery-chekpoint-login.html,0.0,2.0,0.0,0.0,1.0,2.0,0.0,1.0,1.0,1.0,1.0,1.0,0.0,1
http,sandralucashyde.org,/login.yahoo/yahoo.com%20[Lastet%20Update]/indexz.html,0.0,1.0,0.0,0.0,0.0,1.0,0.0,1.0,1.0,1.0,0.0,1.0,0.0,1
http,alexanderpetricek.com,/EserviceMain/irs/ir/index.html,0.0,2.0,0.0,0.0,0.0,0.0,0.0,1.0,1.0,1.0,1.0,1.0,0.0,1
http,di15.co.vu,/css/,0.0,2.0,0.0,0.0,0.0,0.0,0.0,0.0,1.0,1.0,1.0,1.0,0.0,1
http,sicredisms.ignitiondomain.com,/2017/validarclientes/mobi/index.php,0.0,2.0,0.0,0.0,0.0,2.0,0.0,1.0,1.0,1.0,1.0,1.0,0.0,1
https,rajspaces.com,/EserviceDLAcct/irs/ir/index.html,0.0,2.0,0.0,0.0,0.0,0.0,0.0,1.0,1.0,1.0,0.0,1.0,0.0,1
http,fb-systemapps.esy.es,/recovery-chekpoint-login.html,0.0,2.0,0.0,0.0,1.0,2.0,0.0,1.0,1.0,1.0,1.0,1.0,0.0,1
https,signin-activitysupport.helpcenter-supportfraudsignin.com,/mpp/signin/f341/,0.0,1.0,0.0,0.0,1.0,0.0,0.0,1.0,1.0,1.0,1.0,1.0,0.0,1
http,www.citadelchurchjax.com,/wp-admin/validateowa/owa/WebAdmin/Outlook%20Web%20App.htm,0.0,1.0,0.0,0.0,0.0,2.0,1.0,1.0,1.0,1.0,0.0,1.0,0.0,1
http,pradochaui.com.br,/criptografado1/index1.php,0.0,0.0,0.0,0.0,0.0,2.0,0.0,1.0,1.0,1.0,1.0,1.0,0.0,1
http,simnokomun.lt,/upload/omo/newgd2/newgd/moole/index.php,0.0,2.0,0.0,0.0,0.0,0.0,0.0,1.0,1.0,1.0,0.0,1.0,0.0,1
http,di11.co.vu,/css/,0.0,2.0,0.0,0.0,0.0,0.0,0.0,0.0,1.0,1.0,1.0,1.0,0.0,1
http,www.alligator.site,/wp-content/wall/gallary/fin/,0.0,2.0,0.0,0.0,0.0,0.0,0.0,1.0,1.0,1.0,0.0,1.0,0.0,1
http,tinyurl.com,/le5tcvf,0.0,0.0,0.0,0.0,0.0,0.0,1.0,0.0,1.0,1.0,0.0,1.0,0.0,1
http,tinyurl.com,/ll59xhm,0.0,0.0,0.0,0.0,0.0,0.0,1.0,0.0,1.0,1.0,0.0,1.0,0.0,1
https,tr.im,/1e0rQ,0.0,0.0,0.0,0.0,0.0,0.0,1.0,2.0,1.0,1.0,0.0,1.0,0.0,1
https,www.gommetermiche.it,/administrator/modules/auth.att.secure/login.htm,0.0,1.0,0.0,0.0,0.0,1.0,0.0,1.0,1.0,1.0,0.0,1.0,0.0,1
http,indonesianwonderagate.com,/zee/validate.htm,0.0,1.0,0.0,0.0,0.0,1.0,1.0,1.0,1.0,1.0,0.0,1.0,0.0,1
http,tinyurl.com,/ll59xhm,0.0,0.0,0.0,0.0,0.0,0.0,1.0,0.0,1.0,1.0,0.0,1.0,0.0,1
http,consultafgts.esy.es,/home,0.0,0.0,0.0,0.0,0.0,0.0,0.0,1.0,1.0,1.0,1.0,1.0,0.0,1
http,www.ultrakoz.com,/uploads/files/reloadedatt.net.html,0.0,2.0,0.0,0.0,0.0,1.0,0.0,2.0,1.0,1.0,0.0,1.0,0.0,1
http,www.blackabba.com,/sign-on/yahoo/Y1.html,0.0,0.0,0.0,0.0,0.0,2.0,0.0,1.0,1.0,1.0,0.0,1.0,0.0,1
http,carretroller.com.br,/sss/image.htm,0.0,0.0,0.0,0.0,0.0,2.0,0.0,1.0,1.0,1.0,1.0,1.0,0.0,1
https,www.mamujutengahkab.go.id,/terasconfig/www.att.net/,0.0,2.0,0.0,0.0,0.0,1.0,0.0,2.0,1.0,1.0,0.0,1.0,0.0,1
http,sandralucashyde.org,/login.yahoo/yahoo.com%20[Lastet%20Update]/indexz.html,0.0,1.0,0.0,0.0,0.0,1.0,0.0,1.0,1.0,1.0,0.0,1.0,0.0,1
http,extratoinativos.com,/Inativos/,0.0,0.0,0.0,0.0,0.0,0.0,0.0,1.0,1.0,1.0,1.0,1.0,0.0,1
http,consultar-fgts.com,/1index.php,0.0,0.0,0.0,0.0,1.0,0.0,0.0,1.0,1.0,1.0,1.0,1.0,0.0,1
http,portal-consultafgts.com,/caixa.gov.br/pages/inter/index.php,0.0,2.0,0.0,0.0,1.0,1.0,0.0,1.0,1.0,1.0,1.0,1.0,0.0,1
http,ni1232966-3.web20.nitrado.hosting,/finance/fnce/,0.0,2.0,0.0,0.0,1.0,2.0,0.0,2.0,1.0,1.0,0.0,1.0,0.0,1
http,fgtsliberacao.com,/processa.php,0.0,0.0,0.0,0.0,0.0,0.0,0.0,1.0,1.0,1.0,1.0,1.0,0.0,1
https,jokextreme.com,/irs.return/Payment%20Lookup.html,0.0,2.0,0.0,0.0,0.0,2.0,0.0,1.0,1.0,1.0,1.0,1.0,0.0,1
http,fb-safetyhelp.esy.es,/recovery-chekpoint-login.html,0.0,2.0,0.0,0.0,1.0,2.0,0.0,1.0,1.0,1.0,1.0,1.0,0.0,1
http,fb-securitypolicy101inc.esy.es,/recovery-chekpoint-login.html,0.0,2.0,0.0,0.0,1.0,2.0,0.0,1.0,1.0,1.0,1.0,1.0,0.0,1
http,fb-securityaccountlogincheck808.esy.es,/recovery-chekpoint-login.html,0.0,2.0,0.0,0.0,1.0,2.0,0.0,1.0,1.0,1.0,1.0,1.0,0.0,1
http,laghaimrevolution.com,/sign-on/yahoo/Y1.html,0.0,0.0,0.0,0.0,0.0,0.0,0.0,1.0,1.0,1.0,0.0,1.0,0.0,1
http,settings-acct024631.esy.es,/recovery-chekpoint-login.html,0.0,2.0,0.0,0.0,1.0,2.0,0.0,1.0,1.0,1.0,1.0,1.0,0.0,1
http,horizongarments.com,/Asher/image.htm,0.0,0.0,0.0,0.0,0.0,0.0,0.0,1.0,1.0,1.0,1.0,1.0,0.0,1
http,shittyurl.org,/5u,0.0,0.0,0.0,0.0,0.0,0.0,0.0,1.0,1.0,1.0,0.0,1.0,0.0,1
http,ni1232966-4.web16.nitrado.hosting,/ye/cmbr/,0.0,0.0,0.0,0.0,1.0,2.0,0.0,2.0,1.0,1.0,0.0,1.0,0.0,1
http,system-support-il.hol.es,/facebook-security,0.0,0.0,0.0,0.0,1.0,0.0,0.0,1.0,1.0,1.0,1.0,1.0,0.0,1
http,ow.ly,/IIzC30bBG3c,0.0,0.0,0.0,0.0,0.0,0.0,1.0,2.0,1.0,1.0,1.0,1.0,0.0,1
http,caixaservicosonline.epizy.com,,0.0,0.0,0.0,0.0,0.0,0.0,0.0,0.0,1.0,1.0,0.0,1.0,0.0,1
http,sandralucashyde.org,/login.yahoo/yahoo.com%20%5BLastet%20Update%5D/indexz.html,0.0,1.0,0.0,0.0,0.0,1.0,0.0,1.0,1.0,1.0,0.0,1.0,0.0,1
http,anniey06l5.myjino.ru,/byte/Cookies/Cookies/Pelewura/onlineverifica@tion/Preview.htm,0.0,1.0,1.0,0.0,0.0,2.0,0.0,1.0,1.0,1.0,1.0,1.0,0.0,1
http,www.supportt-team.com,/Confirmed/MyAccount/,0.0,0.0,0.0,0.0,1.0,0.0,0.0,1.0,1.0,1.0,1.0,1.0,0.0,1
https,forms.zohopublic.com,/koogee/form/ACTIVATIONFORM/formperma/g51Bb2g53DaChBA4be0h2kCA_,0.0,1.0,0.0,0.0,0.0,0.0,0.0,0.0,1.0,1.0,0.0,1.0,0.0,1
https,www.surveybuilder.com,/s/oFh4R/nav,0.0,0.0,0.0,0.0,0.0,0.0,0.0,1.0,1.0,1.0,0.0,1.0,0.0,1
https,a.doko.moe,/vschbi.html,0.0,0.0,0.0,0.0,0.0,2.0,0.0,2.0,1.0,1.0,0.0,1.0,0.0,1
https,forms.zohopublic.com,/foolieax/form/VERIFICATIONFROM/formperma/hg_466jHhCK6_6D61K5AC9eA4,0.0,1.0,0.0,0.0,0.0,0.0,0.0,0.0,1.0,1.0,0.0,1.0,0.0,1
http,muththamizh.com,/llc/production-llc/,0.0,0.0,0.0,0.0,0.0,0.0,0.0,1.0,1.0,1.0,0.0,1.0,0.0,1
http,cortazarurdaneta.com,/chn/5adfd99cf03b06771d81f8b5607f1d7e/,0.0,2.0,0.0,0.0,0.0,0.0,0.0,1.0,1.0,1.0,0.0,1.0,0.0,1
http,chasebankusa.paradisepaymentgold.com,/verification/M2908D716C8M54904AC8/card.php,0.0,1.0,0.0,0.0,0.0,2.0,0.0,1.0,1.0,1.0,1.0,1.0,0.0,1
http,briut.fruitfuldemo.com,/,0.0,0.0,0.0,0.0,0.0,0.0,0.0,1.0,1.0,1.0,1.0,1.0,0.0,1
http,afraniorodriguezrosero.com,/wp-admin/themes/pdf/,0.0,2.0,0.0,0.0,0.0,0.0,0.0,1.0,1.0,1.0,1.0,1.0,0.0,1
http,recovery-account-fb.hol.es,/facebook-support,0.0,1.0,0.0,0.0,1.0,0.0,0.0,1.0,1.0,1.0,1.0,1.0,0.0,1
https,verification-members.net,/webapps/3db39/,0.0,0.0,0.0,0.0,1.0,0.0,0.0,1.0,1.0,1.0,1.0,1.0,0.0,1
https,rajspaces.com,/upload/EserviceDLAcct/irs/ir/index.html,0.0,2.0,0.0,0.0,0.0,0.0,0.0,1.0,1.0,1.0,0.0,1.0,0.0,1
http,promocao-sicoob.cf,,0.0,0.0,0.0,0.0,1.0,0.0,0.0,1.0,1.0,1.0,1.0,1.0,0.0,1
https,secure-fbpages-notification.com,/,0.0,0.0,0.0,0.0,1.0,0.0,0.0,1.0,1.0,1.0,1.0,1.0,0.0,1
https,olcmeapp.com,/mko/image.htm,0.0,0.0,0.0,0.0,0.0,0.0,0.0,1.0,1.0,1.0,1.0,1.0,0.0,1
http,support-110048480a.esy.es,/security.page/,0.0,0.0,0.0,0.0,1.0,2.0,0.0,1.0,1.0,1.0,1.0,1.0,0.0,1
http,lesaventuriersvoyageurs.com,/js/paypal-account-confirm,0.0,2.0,0.0,0.0,0.0,0.0,0.0,2.0,1.0,1.0,0.0,1.0,0.0,1
http,restauracjagreenpepper.pl,//payment/payment/index.php,0.0,2.0,0.0,1.0,0.0,0.0,0.0,1.0,1.0,1.0,1.0,1.0,0.0,1
http,scs-network.com,/umpi/eba.html,0.0,0.0,0.0,0.0,1.0,0.0,0.0,1.0,1.0,1.0,0.0,1.0,0.0,1
https,redux.news,/chase/update/,0.0,0.0,0.0,0.0,0.0,0.0,0.0,1.0,1.0,1.0,0.0,1.0,0.0,1
http,cmfidouala.org,/jsdhkjhjdf/cgi-bin/image.htm,0.0,0.0,0.0,0.0,0.0,0.0,0.0,1.0,1.0,1.0,1.0,1.0,0.0,1
https,olcmeapp.com,/lol/image.htm,0.0,0.0,0.0,0.0,0.0,0.0,0.0,1.0,1.0,1.0,1.0,1.0,0.0,1
http,livewellprojects.com,/bay/T/Y1.html,0.0,0.0,0.0,0.0,0.0,0.0,0.0,1.0,1.0,1.0,0.0,1.0,0.0,1
http,attnethelp.webnode.com,,0.0,0.0,0.0,0.0,0.0,0.0,0.0,1.0,1.0,1.0,0.0,1.0,0.0,1
https,tinyurl.com,/kvuukxs,0.0,0.0,0.0,0.0,0.0,0.0,1.0,0.0,1.0,1.0,0.0,1.0,0.0,1
http,ridinghouseindia.com,/ywhl/Y%20index.html,0.0,0.0,0.0,0.0,0.0,0.0,0.0,1.0,1.0,1.0,0.0,1.0,0.0,1
http,amethystia.com,/T/Y1.html,0.0,0.0,0.0,0.0,0.0,0.0,0.0,1.0,1.0,1.0,0.0,1.0,0.0,1
http,paialowereasterncherokeenationsc.com,/aaaaa/login.htm,0.0,2.0,0.0,0.0,0.0,0.0,0.0,1.0,1.0,1.0,0.0,1.0,0.0,1
http,cover-acct06437.esy.es,/recovery-chekpoint-login.html,0.0,2.0,0.0,0.0,1.0,2.0,0.0,1.0,1.0,1.0,1.0,1.0,0.0,1
http,www.aharsntenetsrelsioncustomizedia.com,/domain/indexx.htm,0.0,2.0,0.0,0.0,0.0,2.0,0.0,1.0,1.0,1.0,1.0,1.0,0.0,1
http,safety-acct-003342.esy.es,/recovery-chekpoint-login.html,0.0,2.0,0.0,0.0,1.0,2.0,0.0,1.0,1.0,1.0,1.0,1.0,0.0,1
http,dressesmela.com,//kmd/image.htm,0.0,0.0,0.0,1.0,0.0,0.0,0.0,1.0,1.0,1.0,0.0,1.0,0.0,1
http,www.sicredisic.com.br,,0.0,0.0,0.0,0.0,0.0,2.0,0.0,1.0,1.0,1.0,1.0,1.0,0.0,1
http,31.220.111.56,/asdq12/,1.0,0.0,0.0,0.0,0.0,2.0,0.0,1.0,1.0,1.0,0.0,1.0,0.0,1
http,kuswanto.co.id,/wp-includes/cs/Indexxatt.htm,0.0,0.0,0.0,0.0,0.0,2.0,0.0,1.0,1.0,1.0,1.0,1.0,0.0,1
https,formcrafts.com,/a/valaccount,0.0,0.0,0.0,0.0,0.0,0.0,0.0,2.0,1.0,1.0,0.0,1.0,0.0,1
https,mattewfisher1.000webhostapp.com,/sal/YAH%21%21./ya2/index.php,0.0,2.0,0.0,0.0,0.0,1.0,0.0,0.0,1.0,1.0,0.0,1.0,0.0,1
http,www.singandvoice.com,/10405.php,0.0,0.0,0.0,0.0,0.0,2.0,0.0,1.0,1.0,1.0,1.0,1.0,0.0,1
http,www.sententia.com.ar,/PayPal/get_started/,0.0,0.0,0.0,0.0,0.0,2.0,0.0,1.0,1.0,1.0,1.0,1.0,0.0,1
http,149.56.201.163,/nis-card/,1.0,0.0,0.0,0.0,0.0,2.0,0.0,1.0,1.0,1.0,0.0,1.0,0.0,1
http,web-designing-india.org,/dpbx/dpbx/index.php,0.0,0.0,0.0,0.0,1.0,0.0,0.0,1.0,1.0,1.0,0.0,1.0,0.0,1
http,54.157.20.99,/principal.php,1.0,0.0,0.0,0.0,0.0,1.0,0.0,1.0,1.0,1.0,0.0,1.0,0.0,1
http,www.sea.com.sa,/images/filetypes/bankofamericam.com.8789373899383mins.rmsmrr/index,0.0,1.0,0.0,0.0,0.0,1.0,0.0,2.0,1.0,1.0,0.0,1.0,0.0,1
http,zogheb.com,/tooo/index_1.html,0.0,0.0,0.0,0.0,0.0,0.0,0.0,1.0,1.0,1.0,0.0,1.0,0.0,1
http,fgtscontasinativas.online,/home,0.0,0.0,0.0,0.0,0.0,0.0,0.0,1.0,1.0,1.0,1.0,1.0,0.0,1
http,consultasinvativasfgts.com,/processa.php,0.0,0.0,0.0,0.0,0.0,0.0,0.0,1.0,1.0,1.0,1.0,1.0,0.0,1
http,extratofgtsonline.com,/1index.php,0.0,0.0,0.0,0.0,0.0,0.0,0.0,1.0,1.0,1.0,1.0,1.0,0.0,1
http,store2.apple.ch.email-forwarding.webstore.websis.info,/sp/79900b0f5b721ddb89396e71eb7fad41/infos.html,0.0,1.0,0.0,0.0,1.0,1.0,0.0,1.0,1.0,1.0,1.0,1.0,0.0,1
http,www.citadelchurchjax.com,/wp-admin/data/owa/WebAdmin/Outlook%20Web%20App.htm,0.0,1.0,0.0,0.0,0.0,2.0,1.0,1.0,1.0,1.0,0.0,1.0,0.0,1
http,peloclub.com,/onlinepdffiles/Adobe/Adobe/property/adobe/index.html,0.0,2.0,0.0,0.0,0.0,0.0,0.0,1.0,1.0,1.0,0.0,1.0,0.0,1
https,www.innovi.cc,/tos/script/mail.htm,0.0,1.0,0.0,0.0,0.0,2.0,0.0,1.0,1.0,1.0,0.0,1.0,0.0,1
http,www.momsweetmoms.com,/demo2/Dropbox/Dropbox/,0.0,0.0,0.0,0.0,0.0,0.0,0.0,1.0,1.0,1.0,1.0,1.0,0.0,1
http,www.samanesang.com,/wp-content/themes/PDF/PDF/login.htm,0.0,2.0,0.0,0.0,0.0,2.0,0.0,1.0,1.0,1.0,1.0,1.0,0.0,1
http,store2.apple.ch.email-forwarding.webstore.websis.info,/de/,0.0,2.0,0.0,0.0,1.0,1.0,0.0,1.0,1.0,1.0,1.0,1.0,0.0,1
http,suisscards-ch.elecapponline.net,/ch-de/suisse/,0.0,0.0,0.0,0.0,1.0,0.0,0.0,1.0,1.0,1.0,1.0,1.0,0.0,1
http,store2.apple.ch.email-forwarding.webstore.websis.info,/sp/,0.0,2.0,0.0,0.0,1.0,1.0,0.0,1.0,1.0,1.0,1.0,1.0,0.0,1
http,asa-direct.ru,/bitrix/updates/servi/fr/doss/,0.0,0.0,0.0,0.0,1.0,0.0,0.0,1.0,1.0,1.0,0.0,1.0,0.0,1
http,pascasarjana.uniba-bpn.ac.id,/administrator/components/com_joomlaupdate/redire.html,0.0,1.0,0.0,0.0,1.0,1.0,0.0,2.0,1.0,1.0,0.0,1.0,0.0,1
http,hb.redllink.com,/.ars/empresas/login.htm,0.0,0.0,0.0,0.0,0.0,1.0,0.0,1.0,1.0,1.0,1.0,1.0,0.0,1
http,hb.redllink.com,/.ars/empresas/login.htm,0.0,2.0,0.0,0.0,0.0,1.0,0.0,1.0,1.0,1.0,1.0,1.0,0.0,1
http,xenangdaiduong.com.vn,/wp-config/Sign/,0.0,0.0,0.0,0.0,0.0,0.0,0.0,1.0,1.0,1.0,0.0,1.0,0.0,1
http,tizianabeauty.ch,/wp-content/plugins/Manage/ar4d65/checking/check/Support/ID-NUMB389/myaccount/signin/,0.0,1.0,0.0,0.0,0.0,0.0,0.0,1.0,1.0,1.0,1.0,1.0,0.0,1
http,zemindar.lt,/wp-content/languages/dpbx/index.php,0.0,2.0,0.0,0.0,0.0,0.0,0.0,1.0,1.0,1.0,0.0,1.0,0.0,1
http,www.crielv.com.br,/images/start2.php,0.0,0.0,0.0,0.0,0.0,1.0,0.0,1.0,1.0,1.0,0.0,1.0,0.0,1
http,www.sagittariusglobal.com,//portal/cache/Cielo/ambiente-seguro.php,0.0,2.0,0.0,1.0,0.0,2.0,0.0,1.0,1.0,1.0,0.0,1.0,0.0,1
http,www.sagittariusglobal.com,//portal/cache/Cielo/index.html,0.0,2.0,0.0,1.0,0.0,2.0,0.0,1.0,1.0,1.0,0.0,1.0,0.0,1
https,goo.gl,/MMT7sp,0.0,0.0,0.0,0.0,0.0,0.0,1.0,0.0,1.0,1.0,0.0,1.0,0.0,1
http,abuv.com.br,/cliente.conectado40/atendimento_pessoa_fisica/criptografado/index1.php,0.0,1.0,0.0,0.0,0.0,1.0,0.0,1.0,1.0,1.0,0.0,1.0,0.0,1
http,voetudoazul.serveuser.com,/tudoazul/cadastre.php,0.0,2.0,0.0,0.0,0.0,2.0,0.0,2.0,1.0,1.0,0.0,1.0,0.0,1
https,www.rustmaster.com.br,/ml/next1.php,0.0,0.0,0.0,0.0,0.0,1.0,0.0,1.0,1.0,1.0,0.0,1.0,0.0,1
https,www.rustmaster.com.br,/ml/,0.0,0.0,0.0,0.0,0.0,2.0,0.0,1.0,1.0,1.0,0.0,1.0,0.0,1
http,30horasdigital.myvnc.com,/30horasdigitalmodulodesegurancafeitoparavoce/,0.0,1.0,0.0,0.0,0.0,0.0,0.0,1.0,1.0,1.0,1.0,1.0,0.0,1
http,i-house.se,/wp-trackback/en/,0.0,1.0,0.0,0.0,1.0,0.0,0.0,1.0,1.0,1.0,0.0,1.0,0.0,1
http,prayogispl.in,/elisnow/ymail.html,0.0,0.0,0.0,0.0,0.0,0.0,0.0,1.0,1.0,1.0,1.0,1.0,0.0,1
http,zdcp.org,/iiii/feedback/login.alibaba.com/login.html,0.0,2.0,0.0,0.0,0.0,1.0,0.0,1.0,1.0,1.0,1.0,1.0,0.0,1
http,celebrapack.com,/dhnl/DHL/DHL/,0.0,0.0,0.0,0.0,0.0,0.0,0.0,1.0,1.0,1.0,0.0,1.0,0.0,1
http,www.hyperbay.net,/merchants/controller/tool/www.alibaba.com/alibaba/trade.php,0.0,1.0,0.0,0.0,0.0,1.0,0.0,1.0,1.0,1.0,1.0,1.0,0.0,1
http,thehotelmanagment.com,/Prime/,0.0,0.0,0.0,0.0,0.0,0.0,1.0,1.0,1.0,1.0,1.0,1.0,0.0,1
https,binary-project.com,/cha/chase/home/action.php,0.0,0.0,0.0,0.0,1.0,0.0,1.0,1.0,1.0,1.0,0.0,1.0,0.0,1
http,abuv.com.br,/cliente.conectado33/atendimento_pessoa_fisica/criptografado/index1.php,0.0,1.0,0.0,0.0,0.0,1.0,0.0,1.0,1.0,1.0,0.0,1.0,0.0,1
http,cover-acct09964.esy.es,/recovery-chekpoint-login.html,0.0,2.0,0.0,0.0,1.0,2.0,0.0,1.0,1.0,1.0,1.0,1.0,0.0,1
http,academica.pt,/U/mail.htm,0.0,0.0,0.0,0.0,0.0,0.0,0.0,1.0,1.0,1.0,0.0,1.0,0.0,1
http,kalempong-fb01.esy.es,/recovery-chekpoint-login.html,0.0,2.0,0.0,0.0,1.0,2.0,0.0,1.0,1.0,1.0,1.0,1.0,0.0,1
http,dujanapublicschool.com,/b/WellsLINK/WellsLINK/WellsLINK/WellsLINK/WellsLINK/WellsLINK/WellsLINK/WellsLINK/WellsLINK/WellsLINK/WellsLINK/WellsLINK/index.html,0.0,1.0,0.0,0.0,0.0,0.0,0.0,1.0,1.0,1.0,1.0,1.0,0.0,1
http,abuv.com.br,/cliente.conectado1/atendimento_pessoa_fisica/criptografado/index1.php,0.0,1.0,0.0,0.0,0.0,1.0,0.0,1.0,1.0,1.0,0.0,1.0,0.0,1
http,paialowereasterncherokeenationsc.com,/aaaaa/login.htm,0.0,2.0,0.0,0.0,0.0,0.0,0.0,1.0,1.0,1.0,0.0,1.0,0.0,1
http,abuv.com.br,/1cliente.conectado.jw1/atendimento_pessoa_fisica/criptografado/index1.php,0.0,1.0,0.0,0.0,0.0,1.0,0.0,1.0,1.0,1.0,0.0,1.0,0.0,1
http,34.201.92.123,/indisponivel.php,1.0,0.0,0.0,0.0,0.0,1.0,0.0,1.0,1.0,1.0,0.0,1.0,0.0,1
http,149.56.144.216,/processa.php,1.0,0.0,0.0,0.0,0.0,1.0,0.0,1.0,1.0,1.0,0.0,1.0,0.0,1
http,jose200495fgts.com,/processa.php,0.0,0.0,0.0,0.0,0.0,0.0,0.0,1.0,1.0,1.0,1.0,1.0,0.0,1
http,34.224.68.176,/principal.php,1.0,0.0,0.0,0.0,0.0,1.0,0.0,1.0,1.0,1.0,0.0,1.0,0.0,1
http,consultasaldossl.com,,0.0,0.0,0.0,0.0,0.0,0.0,0.0,1.0,1.0,1.0,1.0,1.0,0.0,1
http,meusaldos.com,,0.0,0.0,0.0,0.0,0.0,0.0,0.0,1.0,1.0,1.0,1.0,1.0,0.0,1
http,fgts-mobile.com,/processa.php,0.0,0.0,0.0,0.0,1.0,0.0,0.0,1.0,1.0,1.0,1.0,1.0,0.0,1
http,fgts.mobi,/processa.php,0.0,0.0,0.0,0.0,0.0,0.0,0.0,1.0,1.0,1.0,1.0,1.0,0.0,1
http,aolonlineservices.cba.pl,/chase.php,0.0,0.0,0.0,0.0,0.0,2.0,0.0,0.0,1.0,1.0,0.0,1.0,0.0,1
http,caixa.extratofgtsliberados2017.com,/consulta8647454/principal.php,0.0,2.0,0.0,0.0,0.0,2.0,0.0,1.0,1.0,1.0,1.0,1.0,0.0,1
http,webmailupgrade-001-site1.itempurl.com,/webmaster-secure/owa/confirm.php,0.0,1.0,0.0,0.0,1.0,2.0,0.0,0.0,1.0,1.0,1.0,1.0,0.0,1
http,scs-network.com,/umpi/dba.html,0.0,0.0,0.0,0.0,1.0,0.0,0.0,1.0,1.0,1.0,0.0,1.0,0.0,1
http,shittyurl.org,/5q,0.0,0.0,0.0,0.0,0.0,0.0,0.0,1.0,1.0,1.0,0.0,1.0,0.0,1
http,ronin.com.pk,/hnm/logintoyahoomail.htm,0.0,0.0,0.0,0.0,0.0,2.0,0.0,2.0,1.0,1.0,0.0,1.0,0.0,1
http,raik.hub-web.com,/proccesing-fbaccountss/login.php,0.0,2.0,0.0,0.0,1.0,2.0,0.0,1.0,1.0,1.0,0.0,1.0,0.0,1
http,provoliprints.gr,/001/update.html,0.0,0.0,0.0,0.0,0.0,0.0,0.0,2.0,1.0,1.0,0.0,1.0,0.0,1
http,service-info-dk.hol.es,/facebook-confirmation,0.0,0.0,0.0,0.0,1.0,0.0,0.0,1.0,1.0,1.0,1.0,1.0,0.0,1
http,www.goepsa.com,/Old%20Files/yahoo/IDCHECK.html,0.0,0.0,0.0,0.0,0.0,2.0,0.0,1.0,1.0,1.0,0.0,1.0,0.0,1
http,tinyurl.com,/kbvf6qz,0.0,0.0,0.0,0.0,0.0,0.0,1.0,0.0,1.0,1.0,0.0,1.0,0.0,1
http,dh16.co.vu,/css//,0.0,2.0,0.0,1.0,0.0,0.0,0.0,0.0,1.0,1.0,1.0,1.0,0.0,1
http,kontuit-fb01.esy.es,/recovery-chekpoint-login.html,0.0,2.0,0.0,0.0,1.0,2.0,0.0,1.0,1.0,1.0,1.0,1.0,0.0,1
http,hunmumu.com,/str/Ma/,0.0,0.0,0.0,0.0,0.0,0.0,0.0,1.0,1.0,1.0,1.0,1.0,0.0,1
http,ctrl4enviro.com,/wp-includes/SimplePie/Content/Type/Caption/Pelewura/onlineverifica@tion/Preview.htm,0.0,1.0,1.0,0.0,0.0,0.0,0.0,1.0,1.0,1.0,0.0,1.0,0.0,1
http,wwp-cartasi-titoari-portale-sicreuzza-2017.dynamic-dns.net,/gtwpage1e10/index-jsp.html,0.0,1.0,0.0,0.0,1.0,2.0,0.0,2.0,1.0,1.0,0.0,1.0,0.0,1
http,communitysicurezza.3mitalia.it,/iTunesConnecto.store/WebObjects/common/update.woa/app/registre/index.php,0.0,1.0,0.0,0.0,0.0,1.0,0.0,2.0,1.0,1.0,0.0,1.0,0.0,1
http,kustomfloordesigns.com,/doc!/index.php,0.0,0.0,0.0,0.0,0.0,0.0,0.0,1.0,1.0,1.0,0.0,1.0,0.0,1
http,www.goepsa.com,/Old%20Files/opt/doneall.html,0.0,0.0,0.0,0.0,0.0,2.0,0.0,1.0,1.0,1.0,0.0,1.0,0.0,1
http,citydesignerweb.com,/mmm/rain.php,0.0,0.0,0.0,0.0,0.0,0.0,0.0,1.0,1.0,1.0,1.0,1.0,0.0,1
http,www.goepsa.com,/Old%20Files/yahoo/IDCHECK.html,0.0,0.0,0.0,0.0,0.0,2.0,0.0,1.0,1.0,1.0,0.0,1.0,0.0,1
http,tinyurl.com,/mt87qw3,0.0,0.0,0.0,0.0,0.0,0.0,1.0,0.0,1.0,1.0,0.0,1.0,0.0,1
http,stikliniekadarbnica.lv,/zrichieattnii/attiinnddeexx.php,0.0,2.0,0.0,0.0,0.0,0.0,0.0,1.0,1.0,1.0,1.0,1.0,0.0,1
http,caixa.consultafgtsinativoliberado2017.com,/consulta4023542/indisponivel.php,0.0,1.0,0.0,0.0,0.0,2.0,0.0,1.0,1.0,1.0,1.0,1.0,0.0,1
http,sicoob-card.com,/2017/,0.0,0.0,0.0,0.0,1.0,0.0,0.0,1.0,1.0,1.0,1.0,1.0,0.0,1
http,bit.ly,/2pWteUy,0.0,0.0,0.0,0.0,0.0,0.0,1.0,0.0,1.0,1.0,0.0,1.0,0.0,1
http,bit.ly,/2qkCl2Y,0.0,0.0,0.0,0.0,0.0,0.0,1.0,0.0,1.0,1.0,0.0,1.0,0.0,1
http,communicatewithsh.com,/shellnor/mttkl3.com/2650/1survey/,0.0,2.0,0.0,0.0,0.0,0.0,0.0,1.0,1.0,1.0,1.0,1.0,0.0,1
http,unifr-ch.weebly.com,/,0.0,0.0,0.0,0.0,1.0,0.0,0.0,1.0,1.0,1.0,0.0,1.0,0.0,1
https,formcrafts.com,/a/27508,0.0,0.0,0.0,0.0,0.0,0.0,0.0,2.0,1.0,1.0,0.0,1.0,0.0,1
http,www.giftmorden.com,/a1/crypt/index.html,0.0,0.0,0.0,0.0,0.0,2.0,0.0,1.0,1.0,1.0,1.0,1.0,0.0,1
https,snspsladwa.org,/googledrive/GDocHistory/e5252c7fc60f2701c2555c99694aca59/,0.0,1.0,0.0,0.0,0.0,0.0,0.0,1.0,1.0,1.0,0.0,1.0,0.0,1
http,outlookmaintenace.urest.org,/,0.0,0.0,0.0,0.0,0.0,0.0,0.0,2.0,1.0,1.0,0.0,1.0,0.0,1
http,viewerpdf.com,/098876665/verification.php,0.0,1.0,0.0,0.0,0.0,0.0,0.0,1.0,1.0,1.0,1.0,1.0,0.0,1
http,www.herbertundschnipsi.de,/fgts/indisponivel.php,0.0,2.0,0.0,0.0,0.0,2.0,0.0,1.0,1.0,1.0,0.0,1.0,0.0,1
http,servicossociaiscaixa.com.br,,0.0,0.0,0.0,0.0,0.0,0.0,0.0,1.0,1.0,1.0,1.0,1.0,0.0,1
http,karuniabinainsani-16.co.id,/wp-includes/dev24/home/confirm.php,0.0,2.0,0.0,0.0,1.0,2.0,0.0,1.0,1.0,1.0,1.0,1.0,0.0,1
http,violattions-notifications-seresa.esy.es,/confirmations/index.html,0.0,2.0,0.0,0.0,1.0,2.0,0.0,1.0,1.0,1.0,1.0,1.0,0.0,1
http,recover-acct5487.esy.es,/recovery-chekpoint-login.html,0.0,2.0,0.0,0.0,1.0,2.0,0.0,1.0,1.0,1.0,1.0,1.0,0.0,1
http,bit.ly,/2pgU0ne,0.0,0.0,0.0,0.0,0.0,0.0,1.0,0.0,1.0,1.0,0.0,1.0,0.0,1
http,skafs.ca,/Wealthsecuredhelp/ivxn/home/,0.0,0.0,0.0,0.0,0.0,0.0,0.0,1.0,1.0,1.0,0.0,1.0,0.0,1
http,scs-network.com,/kem/aba.html,0.0,0.0,0.0,0.0,1.0,0.0,0.0,1.0,1.0,1.0,0.0,1.0,0.0,1
https,anuragjewellery.com,/upd_CH_as/2bc34fe40102b33bffca0b8a38f2b4e7/,0.0,2.0,0.0,0.0,0.0,0.0,0.0,1.0,1.0,1.0,1.0,1.0,0.0,1
http,nnconsultoria.com.br,/Atendimento.Pessoa.Fisica82/atendimento_pessoa_fisica/criptografado/index1.php,0.0,1.0,0.0,0.0,0.0,1.0,0.0,1.0,1.0,1.0,0.0,1.0,0.0,1
https,anuragjewellery.com,/upd_CH_as/index.php,0.0,0.0,0.0,0.0,0.0,0.0,0.0,1.0,1.0,1.0,1.0,1.0,0.0,1
http,safety-check-739210.esy.es,/index.html,0.0,0.0,0.0,0.0,1.0,2.0,0.0,1.0,1.0,1.0,1.0,1.0,0.0,1
http,ellimanestate.executeart.in,/$%25%23&%25*/,0.0,0.0,0.0,0.0,0.0,0.0,0.0,1.0,1.0,1.0,1.0,1.0,0.0,1
http,bit.ly,/2qpbHFX,0.0,0.0,0.0,0.0,0.0,0.0,1.0,0.0,1.0,1.0,0.0,1.0,0.0,1
http,netibesanta.esy.es,/www/,0.0,0.0,0.0,0.0,0.0,0.0,0.0,1.0,1.0,1.0,1.0,1.0,0.0,1
http,netibesanta.esy.es,/,0.0,0.0,0.0,0.0,0.0,0.0,0.0,1.0,1.0,1.0,1.0,1.0,0.0,1
http,nnconsultoria.com.br,/Atendimento.Pessoa.Fisica13/atendimento_pessoa_fisica/criptografado/index1.php,0.0,1.0,0.0,0.0,0.0,1.0,0.0,1.0,1.0,1.0,0.0,1.0,0.0,1
http,fgts-inativados.com,/vXs3P4pta6/pages/inter/index.php,0.0,2.0,0.0,0.0,1.0,0.0,0.0,1.0,1.0,1.0,1.0,1.0,0.0,1
http,it-maintenance.tripod.com,/,0.0,0.0,0.0,0.0,1.0,0.0,0.0,1.0,1.0,1.0,0.0,1.0,0.0,1
http,consultacontasinativa.com,/gov/processa.php,0.0,0.0,0.0,0.0,0.0,0.0,0.0,1.0,1.0,1.0,1.0,1.0,0.0,1
http,extratoinativo.com,/inativos/,0.0,0.0,0.0,0.0,0.0,0.0,0.0,1.0,1.0,1.0,1.0,1.0,0.0,1
http,unimore.gr,/shay/work/page/zip/secure/12120521a7245f21cec4ea331e4498b7/,0.0,1.0,0.0,0.0,0.0,0.0,0.0,1.0,1.0,1.0,0.0,1.0,0.0,1
https,security-update-center.serverlux.me,/signin/,0.0,2.0,0.0,0.0,1.0,2.0,0.0,1.0,1.0,1.0,1.0,1.0,0.0,1
http,webmupgrde060517.tripod.com,/,0.0,0.0,0.0,0.0,0.0,0.0,0.0,1.0,1.0,1.0,0.0,1.0,0.0,1
http,www.neymo.org,/joomla/edu/zi.htm,0.0,0.0,0.0,0.0,0.0,2.0,0.0,1.0,1.0,1.0,0.0,1.0,0.0,1
http,nnconsultoria.com.br,/Atendimento.Pessoa.Fisica23/atendimento_pessoa_fisica/criptografado/index1.php,0.0,1.0,0.0,0.0,0.0,1.0,0.0,1.0,1.0,1.0,0.0,1.0,0.0,1
http,nnconsultoria.com.br,/Atendimento.Pessoa.Fisica26/atendimento_pessoa_fisica/criptografado/index1.php,0.0,1.0,0.0,0.0,0.0,1.0,0.0,1.0,1.0,1.0,0.0,1.0,0.0,1
http,loogin-recovery-account87.esy.es,/confirmation/,0.0,0.0,0.0,0.0,1.0,0.0,0.0,1.0,1.0,1.0,1.0,1.0,0.0,1
http,roadfitterapparel.com,/uploads/coco/zi.htm,0.0,0.0,0.0,0.0,0.0,0.0,0.0,1.0,1.0,1.0,0.0,1.0,0.0,1
http,hydracsa.com,/po/io/index.html,0.0,0.0,0.0,0.0,0.0,0.0,0.0,1.0,1.0,1.0,0.0,1.0,0.0,1
http,loogin-facebook-safety.esy.es,/confirmation/,0.0,0.0,0.0,0.0,1.0,0.0,0.0,1.0,1.0,1.0,1.0,1.0,0.0,1
http,service-info-il.hol.es,/log1.php,0.0,0.0,0.0,0.0,1.0,2.0,0.0,1.0,1.0,1.0,1.0,1.0,0.0,1
http,service-info-il.hol.es,/facebook-confirmation,0.0,0.0,0.0,0.0,1.0,0.0,0.0,1.0,1.0,1.0,1.0,1.0,0.0,1
http,info-service-il.hol.es,/log1.php,0.0,0.0,0.0,0.0,1.0,2.0,0.0,1.0,1.0,1.0,1.0,1.0,0.0,1
http,info-service-il.hol.es,/facebook-security,0.0,0.0,0.0,0.0,1.0,0.0,0.0,1.0,1.0,1.0,1.0,1.0,0.0,1
http,kingsupteded.com,/squarespace/squar/KE11Y/,0.0,0.0,0.0,0.0,0.0,0.0,0.0,1.0,1.0,1.0,1.0,1.0,0.0,1
http,blueappleassociates.com,/Images/index_files/change/0.html,0.0,2.0,0.0,0.0,0.0,0.0,0.0,1.0,1.0,1.0,1.0,1.0,0.0,1
http,Summerseason.tavapirts.lv,/dpp/index.html,0.0,0.0,0.0,0.0,0.0,2.0,0.0,1.0,1.0,1.0,1.0,1.0,0.0,1
http,sharkprojects.fruitfuldemo.com,/css/Yahoologin.htm,0.0,2.0,0.0,0.0,0.0,2.0,0.0,1.0,1.0,1.0,1.0,1.0,0.0,1
http,www.cavazosengineering.com,/cgi-bin./microsoft/,0.0,0.0,0.0,0.0,0.0,2.0,0.0,1.0,1.0,1.0,0.0,1.0,0.0,1
http,nnconsultoria.com.br,/Atendimento.Pessoa.Fisica9/atendimento_pessoa_fisica/criptografado/index1.php,0.0,1.0,0.0,0.0,0.0,1.0,0.0,1.0,1.0,1.0,0.0,1.0,0.0,1
http,acct-cover-0899812.esy.es,/index.html,0.0,0.0,0.0,0.0,1.0,2.0,0.0,1.0,1.0,1.0,1.0,1.0,0.0,1
http,tumbuang-fb.esy.es,/recovery-chekpoint-login.html,0.0,2.0,0.0,0.0,1.0,2.0,0.0,1.0,1.0,1.0,1.0,1.0,0.0,1
http,bank.barclays.co.uk.olb.auth.loginlink.action.loginlink.action.loginlink.action.loginlink.action.onandoffagain.com,/cloudit/,0.0,1.0,0.0,0.0,0.0,1.0,0.0,1.0,1.0,1.0,0.0,1.0,0.0,1
http,tehofilter.fi,/www.cartaobndes.gov.br/,0.0,0.0,0.0,0.0,0.0,1.0,0.0,1.0,1.0,1.0,0.0,1.0,0.0,1
http,nnconsultoria.com.br,/Atendimento.Pessoa.Fisica01/atendimento_pessoa_fisica/criptografado/index1.php,0.0,1.0,0.0,0.0,0.0,1.0,0.0,1.0,1.0,1.0,0.0,1.0,0.0,1
http,marcof.pro.br,/acesso.criptografado4/cliente.conectado1/pessoa.fisica.recadastrar/cadastrar.referencia/acesso.pendente.comunicacao/index.html,0.0,1.0,0.0,0.0,0.0,1.0,0.0,1.0,1.0,1.0,0.0,1.0,0.0,1
http,desearch.co.uk,/plugins/captcha/recaptcha/hmrc/revenue/,0.0,2.0,0.0,0.0,0.0,0.0,0.0,1.0,1.0,1.0,0.0,1.0,0.0,1
http,xn--https-servio-85-omb.jelastic.regruhosting.ru,/www.santander.com.br/br/Cadastramento/pessoa-fisica/santander-van-gogh/index1.php,0.0,1.0,0.0,0.0,1.0,1.0,0.0,2.0,1.0,1.0,0.0,1.0,1.0,1
http,www.lineyuy.cn,/,0.0,0.0,0.0,0.0,0.0,0.0,0.0,1.0,1.0,1.0,0.0,1.0,0.0,1
http,webmail-app-outlook-info.weebly.com,,0.0,0.0,0.0,0.0,1.0,0.0,0.0,1.0,1.0,1.0,0.0,1.0,0.0,1
http,indexdateprofile.890m.com,/match/info,0.0,0.0,0.0,0.0,0.0,0.0,0.0,2.0,1.0,1.0,1.0,1.0,0.0,1
http,zdcp.org,/ali/feedback/login.alibaba.com/login.jsp.html,0.0,1.0,1.0,0.0,0.0,1.0,0.0,1.0,1.0,1.0,1.0,1.0,0.0,1
http,www.bsgodenderleeuw.be,/ikoi.php,0.0,0.0,0.0,0.0,0.0,2.0,0.0,1.0,1.0,1.0,0.0,1.0,0.0,1
http,sol-manager.fr,/raiffeisien/ebanking/login.php,0.0,0.0,0.0,0.0,1.0,0.0,0.0,1.0,1.0,1.0,1.0,1.0,0.0,1
https,www.wifibkk.com,/wp-content/themes/js/nab/,0.0,0.0,0.0,0.0,0.0,0.0,0.0,1.0,1.0,1.0,1.0,1.0,0.0,1
http,notice-payment.invoiceappconfirmation.com,/Login.php,0.0,1.0,0.0,0.0,1.0,2.0,0.0,1.0,1.0,1.0,1.0,1.0,0.0,1
http,sitesumo.com,/outlook-app/main.html,0.0,0.0,0.0,0.0,0.0,0.0,0.0,2.0,1.0,1.0,0.0,1.0,0.0,1
http,www.r129motoring.com,/SLWerks.com/wp-includes/js/tinymce/themes/modern/default/,0.0,1.0,0.0,0.0,0.0,2.0,0.0,1.0,1.0,1.0,0.0,1.0,0.0,1
http,novavidasamambaia.com.br,/admin/ckeditor/plugins/link/linkedin.com/,0.0,2.0,0.0,0.0,0.0,2.0,0.0,1.0,1.0,1.0,0.0,1.0,0.0,1
http,academica.pt,/U/mail.htm,0.0,1.0,0.0,0.0,0.0,0.0,0.0,1.0,1.0,1.0,0.0,1.0,0.0,1
http,academica.pt,/U/mail.htm,0.0,1.0,0.0,0.0,0.0,0.0,0.0,1.0,1.0,1.0,0.0,1.0,0.0,1
http,www.bestsearch.info,/,0.0,0.0,0.0,0.0,0.0,0.0,0.0,1.0,1.0,1.0,0.0,1.0,0.0,1
http,innovateapp.ru,/inj/1au/03.php,0.0,0.0,0.0,0.0,0.0,0.0,0.0,1.0,1.0,1.0,1.0,1.0,0.0,1
http,ovtoc.com,/wp-content/themes/Astra/images/webapps/mpp/home/,0.0,1.0,0.0,0.0,0.0,0.0,0.0,1.0,1.0,1.0,0.0,1.0,0.0,1
http,www.ellepimmobiliare.it,/www.santandernet.com.br-br/pessoa-fisica/santander-van-gogh/aplicativos/index1.php,0.0,1.0,0.0,0.0,0.0,1.0,1.0,1.0,1.0,1.0,0.0,1.0,0.0,1
http,www.ellepimmobiliare.it,/www.santandernet.com.br-br/pessoa-fisica/santander-van-gogh/aplicativos/index1.php,0.0,1.0,0.0,0.0,0.0,1.0,1.0,1.0,1.0,1.0,0.0,1.0,0.0,1
http,env-9019617.jelastic.regruhosting.ru,/libraries/legacy/access/system.php,0.0,1.0,0.0,0.0,1.0,1.0,0.0,2.0,1.0,1.0,0.0,1.0,0.0,1
http,ambrosiabanquethall.com,/mtdocss/index.php,0.0,0.0,0.0,0.0,0.0,0.0,0.0,1.0,1.0,1.0,0.0,1.0,0.0,1
http,depatmens-recons002.esy.es,/recovery-chekpoint-login.html,0.0,2.0,0.0,0.0,1.0,2.0,0.0,1.0,1.0,1.0,1.0,1.0,0.0,1
https,secure-notification-pagesfb-inc.com,/,0.0,0.0,0.0,0.0,1.0,0.0,0.0,1.0,1.0,1.0,1.0,1.0,0.0,1
http,gispi.in,/serv/update.account.online/,0.0,0.0,0.0,0.0,0.0,2.0,0.0,1.0,1.0,1.0,0.0,1.0,0.0,1
http,saedds4343354.esy.es,/,0.0,0.0,0.0,0.0,0.0,0.0,0.0,1.0,1.0,1.0,1.0,1.0,0.0,1
http,acct-recover7895345546.esy.es,/index.html,0.0,0.0,0.0,0.0,1.0,2.0,0.0,1.0,1.0,1.0,1.0,1.0,0.0,1
http,www.ssmh.cz,/puvodni/alaba/aligranny.php,0.0,0.0,0.0,0.0,0.0,2.0,0.0,1.0,1.0,1.0,0.0,1.0,0.0,1
http,freshinktattoostudio.com.au,/wp-includes/opt.php,0.0,2.0,0.0,0.0,0.0,2.0,0.0,1.0,1.0,1.0,1.0,1.0,0.0,1
http,www.syscan-id.com,//tmp/install_4e01bd078ea7d/admin/views/Unibe.php,0.0,2.0,0.0,1.0,1.0,2.0,0.0,1.0,1.0,1.0,0.0,1.0,0.0,1
http,caixa.fgtsliberado2017.com,/consulta6347674/index.php,0.0,1.0,0.0,0.0,0.0,2.0,0.0,1.0,1.0,1.0,1.0,1.0,0.0,1
http,acct-recover7895345.esy.es,/index.html,0.0,0.0,0.0,0.0,1.0,2.0,0.0,1.0,1.0,1.0,1.0,1.0,0.0,1
http,checkpoint-erorr-fb005.esy.es,/recovery-chekpoint-login.html,0.0,2.0,0.0,0.0,1.0,2.0,0.0,1.0,1.0,1.0,1.0,1.0,0.0,1
http,checkpoint-info-fb9t.esy.es,/recovery-chekpoint-login.html,0.0,2.0,0.0,0.0,1.0,2.0,0.0,1.0,1.0,1.0,1.0,1.0,0.0,1
http,support1213112.hol.es,/log.php,0.0,0.0,0.0,0.0,0.0,2.0,0.0,1.0,1.0,1.0,1.0,1.0,0.0,1
http,support1213112.hol.es,/facebook-security,0.0,0.0,0.0,0.0,0.0,0.0,0.0,1.0,1.0,1.0,1.0,1.0,0.0,1
http,recovery-account-fb-chekpoin-8108.esy.es,/recovery/index.html,0.0,2.0,0.0,0.0,1.0,2.0,0.0,1.0,1.0,1.0,1.0,1.0,0.0,1
http,www.digitalworld.tv,/store/sessions/asd654ds8ds45/0242ce5905/login.php,0.0,1.0,0.0,0.0,0.0,2.0,0.0,1.0,1.0,1.0,0.0,1.0,0.0,1
http,info-support-il.hol.es,/log1.php,0.0,0.0,0.0,0.0,1.0,2.0,0.0,1.0,1.0,1.0,1.0,1.0,0.0,1
http,info-support-il.hol.es,/facebook,0.0,0.0,0.0,0.0,1.0,0.0,0.0,1.0,1.0,1.0,1.0,1.0,0.0,1
http,wish4job.com,/page/musapdf.html,0.0,0.0,0.0,0.0,0.0,0.0,0.0,2.0,1.0,1.0,1.0,1.0,0.0,1
http,c0.16mb.com,/k/,0.0,0.0,0.0,0.0,0.0,0.0,0.0,1.0,1.0,1.0,1.0,1.0,0.0,1
http,orgcontalex.com.br,/acesso.criptografado2/cliente.conectado1/pessoa.fisica.recadastrar/cadastrar.referencia/acesso.pendente.comunicacao/index.html,0.0,1.0,0.0,0.0,0.0,1.0,1.0,1.0,1.0,1.0,1.0,1.0,0.0,1
http,last-warning-fb1.esy.es,/recovery-chekpoint-login.html,0.0,2.0,0.0,0.0,1.0,2.0,0.0,1.0,1.0,1.0,1.0,1.0,0.0,1
https,www.digital-sms-online.com.br,/rb001/apk/dll/,0.0,0.0,0.0,0.0,1.0,2.0,0.0,1.0,1.0,1.0,1.0,1.0,0.0,1
http,emaillsantander.com,/mobile/app/manage.php,0.0,0.0,0.0,0.0,0.0,0.0,0.0,1.0,1.0,1.0,1.0,1.0,0.0,1
http,recover-fb01.esy.es,/recovery-chekpoint-login.html,0.0,2.0,0.0,0.0,1.0,2.0,0.0,1.0,1.0,1.0,1.0,1.0,0.0,1
http,olenelife.com,/sessions/paypal/,0.0,1.0,0.0,0.0,0.0,0.0,0.0,2.0,1.0,1.0,0.0,1.0,0.0,1
http,cover-acct56467.esy.es,/index.html,0.0,0.0,0.0,0.0,1.0,2.0,0.0,1.0,1.0,1.0,1.0,1.0,0.0,1
http,safecheck-acct5151.esy.es,/help/recovery-chekpoint-login.html,0.0,2.0,0.0,0.0,1.0,2.0,0.0,1.0,1.0,1.0,1.0,1.0,0.0,1
https,suspicous-payments-helping.com,/webapps/a6d92/websrc,0.0,2.0,0.0,0.0,1.0,0.0,0.0,1.0,1.0,1.0,0.0,1.0,0.0,1
http,petektemizleme.biz.tr,/index.php,0.0,0.0,0.0,0.0,0.0,2.0,0.0,1.0,1.0,1.0,1.0,1.0,0.0,1
http,pages-5566.hol.es,/log1.php,0.0,0.0,0.0,0.0,1.0,2.0,0.0,1.0,1.0,1.0,1.0,1.0,0.0,1
http,pages-5566.hol.es,/facebook-security,0.0,0.0,0.0,0.0,1.0,0.0,0.0,1.0,1.0,1.0,1.0,1.0,0.0,1
https,secure-notification-fbpages-inc.com,/,0.0,0.0,0.0,0.0,1.0,0.0,0.0,1.0,1.0,1.0,1.0,1.0,0.0,1
http,goterbox33.esy.es,/recovery-chekpoint-login.html,0.0,2.0,0.0,0.0,0.0,2.0,0.0,1.0,1.0,1.0,1.0,1.0,0.0,1
http,httpssecure.belhalfs.beget.tech,/auth/auth/issues/,0.0,2.0,0.0,0.0,0.0,2.0,0.0,0.0,1.0,1.0,1.0,1.0,1.0,1
http,www.floraprive.com,/zhi/Unibe.html,0.0,0.0,0.0,0.0,0.0,2.0,0.0,1.0,1.0,1.0,0.0,1.0,0.0,1
http,blancogris.com,/Unibe.php,0.0,0.0,0.0,0.0,0.0,0.0,0.0,2.0,1.0,1.0,0.0,1.0,0.0,1
http,lacasadelcarpintec.com,/smp/yahoop.html,0.0,0.0,0.0,0.0,0.0,0.0,0.0,1.0,1.0,1.0,0.0,1.0,0.0,1
http,www.cr-mufg-jp.win,/service/visitors/asps/sinkitou,0.0,2.0,0.0,0.0,1.0,0.0,0.0,1.0,1.0,1.0,1.0,1.0,0.0,1
http,www.reo15.moe.go.th,/reo15/components/Signin.php,0.0,2.0,0.0,0.0,0.0,1.0,0.0,0.0,1.0,1.0,0.0,1.0,0.0,1
http,onlinedecu.cba.pl,/yahoo.php,0.0,0.0,0.0,0.0,0.0,2.0,0.0,0.0,1.0,1.0,0.0,1.0,0.0,1
http,bakekapw2.com,/FOC.php,0.0,0.0,0.0,0.0,0.0,0.0,0.0,1.0,1.0,1.0,1.0,1.0,0.0,1
https,www.missalli.nl,/images/banners/english-0/en/en/doss/,0.0,2.0,0.0,0.0,0.0,0.0,0.0,1.0,1.0,1.0,0.0,1.0,0.0,1
http,fgts-caixa.cf,/principal.php,0.0,0.0,0.0,0.0,1.0,0.0,0.0,1.0,1.0,1.0,1.0,1.0,0.0,1
https,excelsolarenergy.com,/cgi/sign2/,0.0,0.0,0.0,0.0,0.0,0.0,0.0,1.0,1.0,1.0,0.0,1.0,0.0,1
https,rattikagmr.in,/cjf/neeew/new%20outlook/,0.0,0.0,0.0,0.0,0.0,0.0,0.0,1.0,1.0,1.0,0.0,1.0,0.0,1
http,fractus.com,/atendimento.santander.pessoa.fisica11/atendimento_pessoa_fisica/atualizar/index1.php,0.0,1.0,0.0,0.0,0.0,1.0,0.0,1.0,1.0,1.0,0.0,1.0,0.0,1
http,getthelps-recoveri-disables.esy.es,/confirmations/index.html,0.0,2.0,0.0,0.0,1.0,2.0,0.0,1.0,1.0,1.0,1.0,1.0,0.0,1
https,newsvanguard.in,/secure/BOA/home/confirm.php,0.0,0.0,0.0,0.0,0.0,0.0,0.0,1.0,1.0,1.0,1.0,1.0,0.0,1
http,festainfantilbh.com.br,/central/images/casa_small.jpg,0.0,2.0,0.0,0.0,0.0,2.0,0.0,1.0,1.0,1.0,0.0,1.0,0.0,1
http,hormontant.se,/wp-includes/css/picuter/www.pnc/page/verification/online/1/index.html,0.0,1.0,0.0,0.0,0.0,2.0,0.0,1.0,1.0,1.0,0.0,1.0,0.0,1
http,Usaa.doc.bizburrows.com,,0.0,0.0,0.0,0.0,0.0,2.0,0.0,1.0,1.0,1.0,1.0,1.0,0.0,1
http,webdropbox.net,/GOG/yGnHFKdhsd.php,0.0,0.0,0.0,0.0,0.0,0.0,0.0,1.0,1.0,1.0,1.0,1.0,0.0,1
http,pages-5564.hol.es,/facebook-security,0.0,0.0,0.0,0.0,1.0,0.0,0.0,1.0,1.0,1.0,1.0,1.0,0.0,1
http,pages-5508.hol.es,/log1.php,0.0,0.0,0.0,0.0,1.0,2.0,0.0,1.0,1.0,1.0,1.0,1.0,0.0,1
http,pages-5508.hol.es,/facebook-confirmation,0.0,0.0,0.0,0.0,1.0,0.0,0.0,1.0,1.0,1.0,1.0,1.0,0.0,1
http,ip55.ip-144-217-29.net,/www.itau.com.br/CartaoMilhas/atendimento/chama.php,0.0,1.0,0.0,0.0,1.0,1.0,0.0,1.0,1.0,1.0,0.0,1.0,0.0,1
http,safety-check-893465.esy.es,/index.html,0.0,0.0,0.0,0.0,1.0,2.0,0.0,1.0,1.0,1.0,1.0,1.0,0.0,1
http,safety-check-938407.esy.es,/index.html,0.0,0.0,0.0,0.0,1.0,2.0,0.0,1.0,1.0,1.0,1.0,1.0,0.0,1
http,acct-recover67868.esy.es,/index.html,0.0,0.0,0.0,0.0,1.0,2.0,0.0,1.0,1.0,1.0,1.0,1.0,0.0,1
http,kalera-fb-scrty1.esy.es,/recovery-chekpoint-login.html,0.0,2.0,0.0,0.0,1.0,2.0,0.0,1.0,1.0,1.0,1.0,1.0,0.0,1
http,fppkdo.pspu.ru,/error/058f0b949d02568411f89bf8/ppgoindexpage.php,0.0,1.0,0.0,0.0,0.0,1.0,0.0,0.0,1.0,1.0,0.0,1.0,0.0,1
http,www.hotelcaucasia.com,/login.php,0.0,1.0,0.0,0.0,0.0,2.0,0.0,1.0,1.0,1.0,0.0,1.0,0.0,1
http,zovermedical.com.sa,/blessed/aptgd/,0.0,0.0,0.0,0.0,0.0,0.0,0.0,1.0,1.0,1.0,0.0,1.0,0.0,1
http,kancelaria24online.pl,/logs/,0.0,0.0,0.0,0.0,0.0,0.0,0.0,1.0,1.0,1.0,0.0,1.0,0.0,1
http,contact-support-fb.hol.es,/verify/index.php,0.0,0.0,0.0,0.0,1.0,2.0,0.0,1.0,1.0,1.0,1.0,1.0,0.0,1
https,secretsofthemind.net,/wp-includes/js/tinymce/plugins/paste/js/acc/d65fd/security/signin/,0.0,1.0,0.0,0.0,0.0,0.0,0.0,1.0,1.0,1.0,0.0,1.0,0.0,1
http,fb-securityloginfo707txtinc.esy.es,/recovery-chekpoint-login.html,0.0,2.0,0.0,0.0,1.0,2.0,0.0,1.0,1.0,1.0,1.0,1.0,0.0,1
http,polymer-pipe.com,/a,0.0,0.0,0.0,0.0,1.0,0.0,0.0,1.0,1.0,1.0,0.0,1.0,0.0,1
http,johnricerealtydadeville.com,/image/adobepdf/91d471cc9840f4d3471602ee7aec0623/,0.0,1.0,0.0,0.0,0.0,0.0,0.0,1.0,1.0,1.0,1.0,1.0,0.0,1
http,fb-safety-system2017.esy.es,/recovery-chekpoint-login.html,0.0,2.0,0.0,0.0,1.0,2.0,0.0,1.0,1.0,1.0,1.0,1.0,0.0,1
http,depatmens-recon2017.esy.es,/recovery-chekpoint-login.html,0.0,2.0,0.0,0.0,1.0,2.0,0.0,1.0,1.0,1.0,1.0,1.0,0.0,1
http,extratocontasinativas.com,/web/,0.0,0.0,0.0,0.0,0.0,0.0,0.0,1.0,1.0,1.0,1.0,1.0,0.0,1
http,marcof.pro.br,/acesso.criptografado/cliente.conectado/pessoa.fisica.recadastrar/cadastrar.referencia/acesso.pendente.comunicacao/index.html,0.0,1.0,0.0,0.0,0.0,1.0,0.0,1.0,1.0,1.0,0.0,1.0,0.0,1
http,sistemaconsultainativos.com,/web/inter/,0.0,0.0,0.0,0.0,0.0,0.0,0.0,1.0,1.0,1.0,1.0,1.0,0.0,1
http,fractus.com,/pessoa_fisica_maio05/atendimento_pessoa_fisica/atualizar/index1.php,0.0,1.0,0.0,0.0,0.0,0.0,0.0,1.0,1.0,1.0,0.0,1.0,0.0,1
http,bigrichpoems.com,/dr/filewords/,0.0,0.0,0.0,0.0,0.0,0.0,0.0,1.0,1.0,1.0,0.0,1.0,0.0,1
http,bigrichpoems.com,/doz/filewords/,0.0,0.0,0.0,0.0,0.0,0.0,0.0,1.0,1.0,1.0,0.0,1.0,0.0,1
http,importradee.com,/ju/abvto/,0.0,0.0,0.0,0.0,0.0,0.0,0.0,1.0,1.0,1.0,1.0,1.0,0.0,1
http,asdgxfhxhxchxcxcvhhvhhf.blogspot.com,/,0.0,0.0,0.0,0.0,0.0,0.0,1.0,1.0,1.0,1.0,0.0,1.0,0.0,1
http,fdhdfhdfhhfdfdhhdfhhfddfdf.blogspot.com,/,0.0,0.0,0.0,0.0,0.0,0.0,1.0,1.0,1.0,1.0,0.0,1.0,0.0,1
http,adadaadjaldkadlhadlsajlshsaah.blogspot.com,/,0.0,0.0,0.0,0.0,0.0,0.0,1.0,1.0,1.0,1.0,0.0,1.0,0.0,1
http,system-internos24hs.com,/internas/,0.0,0.0,0.0,0.0,1.0,0.0,0.0,1.0,1.0,1.0,1.0,1.0,0.0,1
http,re-sourceerror.esy.es,/recovery-chekpoint-login.html,0.0,2.0,0.0,0.0,1.0,2.0,0.0,1.0,1.0,1.0,1.0,1.0,0.0,1
http,miprofe.cl,/wp-admin/network/rdr/5/,0.0,0.0,0.0,0.0,0.0,0.0,0.0,1.0,1.0,1.0,1.0,1.0,0.0,1
http,vbly.us,/2qtk,0.0,0.0,0.0,0.0,0.0,0.0,0.0,2.0,1.0,1.0,0.0,1.0,0.0,1
http,sicoob-conta.com,/clientes/,0.0,0.0,0.0,0.0,1.0,0.0,0.0,1.0,1.0,1.0,1.0,1.0,0.0,1
http,seapost.com.ua,/img/Customerservicetill.htm,0.0,0.0,0.0,0.0,0.0,2.0,1.0,1.0,1.0,1.0,0.0,1.0,0.0,1
http,hjdjdk44d.net,/mainbuding/aol/,0.0,0.0,0.0,0.0,0.0,0.0,0.0,1.0,1.0,1.0,1.0,1.0,0.0,1
http,anywayrocks.org,/cas.html,0.0,0.0,0.0,0.0,0.0,0.0,0.0,1.0,1.0,1.0,1.0,1.0,0.0,1
http,whautopilots.com,/wp-content/uploads/CBT/chase/chase/card.php,0.0,2.0,0.0,0.0,0.0,0.0,0.0,1.0,1.0,1.0,0.0,1.0,0.0,1
http,er1cd13r.com,/css/update.html,0.0,0.0,0.0,0.0,0.0,0.0,0.0,1.0,1.0,1.0,1.0,1.0,0.0,1
http,www.edleigh.co.za,/wp-admin/css/colors/coffee/cas.html,0.0,2.0,0.0,0.0,0.0,1.0,0.0,1.0,1.0,1.0,0.0,1.0,0.0,1
http,www.zemo.org.ua,/wp-includes/js/images/start.php,0.0,2.0,0.0,0.0,0.0,1.0,0.0,1.0,1.0,1.0,1.0,1.0,0.0,1
http,shib.ncsu.edu.nllt.cf,/idp/profile/SAML2/POST/SSO%3bjsessionid=node016xk3r5433jv81iwht2ysid47t867465.node0%3fexecution=e1s1/,0.0,1.0,0.0,0.0,0.0,1.0,0.0,1.0,1.0,1.0,1.0,1.0,0.0,1
http,logs.en-action.com,/accounts-login-confirmphp/,0.0,0.0,0.0,0.0,1.0,0.0,0.0,1.0,1.0,1.0,0.0,1.0,0.0,1
http,aboutus.in,/admin/outlook/validate/WebAdmin/Outlook%20Web%20App.htm,0.0,2.0,0.0,0.0,0.0,0.0,0.0,1.0,1.0,1.0,0.0,1.0,0.0,1
http,m-amir.com,/egyteb/biz/,0.0,0.0,0.0,0.0,1.0,0.0,0.0,1.0,1.0,1.0,1.0,1.0,0.0,1
http,sjlearning.com.my,/assets/kcfinder/upload/no_user/files/xnowxoffnowxnowoffhd/Log/home/websc-login.php,0.0,1.0,0.0,0.0,0.0,2.0,0.0,2.0,1.0,1.0,0.0,1.0,0.0,1
http,wbmexed.com.ng,/Exchange/,0.0,0.0,0.0,0.0,0.0,0.0,0.0,1.0,1.0,1.0,1.0,1.0,0.0,1
http,phukien365.vn,/Postepay/,0.0,0.0,0.0,0.0,0.0,0.0,0.0,2.0,1.0,1.0,0.0,1.0,0.0,1
http,cart-si-titolari-20-17-efdgdf.dynamic-dns.net,/red1/,0.0,2.0,0.0,0.0,1.0,0.0,0.0,2.0,1.0,1.0,0.0,1.0,0.0,1
http,support109381.hol.es,/facebook-security,0.0,0.0,0.0,0.0,0.0,0.0,0.0,1.0,1.0,1.0,1.0,1.0,0.0,1
http,recovers-check-accounts.hol.es,/recovery/recovery-chekpoint-login.html,0.0,1.0,0.0,0.0,1.0,2.0,0.0,1.0,1.0,1.0,1.0,1.0,0.0,1
http,recover-fb-warning01.esy.es,/recovery-chekpoint-login.html,0.0,2.0,0.0,0.0,1.0,2.0,0.0,1.0,1.0,1.0,1.0,1.0,0.0,1
http,fb-recover-10.esy.es,/recovery-chekpoint-login.html,0.0,2.0,0.0,0.0,1.0,2.0,0.0,1.0,1.0,1.0,1.0,1.0,0.0,1
http,owahelpsno.16mb.com,/,0.0,0.0,0.0,0.0,0.0,0.0,0.0,1.0,1.0,1.0,1.0,1.0,0.0,1
http,webmailhelpdeskstaff.000webhostapp.com,/,0.0,0.0,0.0,0.0,0.0,0.0,0.0,0.0,1.0,1.0,0.0,1.0,0.0,1
http,purrfectphonesexjobs.com,/!!..HXLaZaGsnp..!!//index.php,0.0,2.0,0.0,1.0,0.0,1.0,0.0,1.0,1.0,1.0,0.0,1.0,0.0,1
http,eagleinfotech.edu.sg,/plugin/font-awesome/fonts/fontawesome-webfont.php,0.0,1.0,0.0,0.0,0.0,2.0,0.0,2.0,1.0,1.0,0.0,1.0,0.0,1
http,www.clickimagem.pt,/modules/mod_banners/docume.php,0.0,2.0,0.0,0.0,0.0,2.0,0.0,1.0,1.0,1.0,1.0,1.0,0.0,1
http,www.riclogauto.96.lt,/login.php,0.0,0.0,0.0,0.0,0.0,1.0,0.0,2.0,1.0,1.0,1.0,1.0,0.0,1
http,www.desertsportswear.com,/bankofamerica.com/,0.0,0.0,0.0,0.0,0.0,2.0,0.0,1.0,1.0,1.0,0.0,1.0,0.0,1
http,dooglinn.beget.tech,/pp1/web17asp/,0.0,0.0,0.0,0.0,0.0,0.0,0.0,0.0,1.0,1.0,0.0,1.0,0.0,1
http,lpmnuansa.undip.ac.id,/pro/1/index.htm,0.0,0.0,0.0,0.0,0.0,1.0,0.0,0.0,1.0,1.0,0.0,1.0,0.0,1
http,lpmnuansa.undip.ac.id,/pro/2/index.htm,0.0,0.0,0.0,0.0,0.0,1.0,0.0,0.0,1.0,1.0,0.0,1.0,0.0,1
http,m.facebook.com------------------login-secured.liraon.com,/sign_in.htm,0.0,2.0,0.0,0.0,1.0,1.0,0.0,1.0,1.0,1.0,0.0,1.0,0.0,1
http,j-wearfetish.com,/atendimento/caixa.gov.br/pages/inter/index.php,0.0,2.0,0.0,0.0,1.0,1.0,0.0,1.0,1.0,1.0,1.0,1.0,0.0,1
http,fgtscontasinativas.16mb.com,/index.php,0.0,0.0,0.0,0.0,0.0,2.0,0.0,1.0,1.0,1.0,1.0,1.0,0.0,1
http,portalfgts.com,/caixa.gov.br/pages/inter/index.php,0.0,2.0,0.0,0.0,0.0,1.0,0.0,1.0,1.0,1.0,1.0,1.0,0.0,1
http,103.236.137.117,/caixa.gov.br/pages/inter/,1.0,0.0,0.0,0.0,0.0,1.0,0.0,1.0,1.0,1.0,0.0,1.0,0.0,1
http,normansfinejewelry.com,/ASDE/QWAUTHW/asb.co.nz/index.htm,0.0,2.0,0.0,0.0,0.0,1.0,0.0,1.0,1.0,1.0,0.0,1.0,0.0,1
http,inhomecareidaho.com,/wp-includes/news/dropbaka/07b4089c45eabdd3349d4d8ba473301a/pindex.php,0.0,1.0,0.0,0.0,0.0,0.0,0.0,1.0,1.0,1.0,1.0,1.0,0.0,1
http,mainepta.org,/eme/gm/excel/excel/,0.0,0.0,0.0,0.0,0.0,0.0,0.0,1.0,1.0,1.0,0.0,1.0,0.0,1
http,caixa.suportedeconsultafgtsliberado.com,/consulta9104336/index.php,0.0,1.0,0.0,0.0,0.0,2.0,0.0,1.0,1.0,1.0,1.0,1.0,0.0,1
http,www.saiastrology.com,/sender/Leaves/filewords/index.php,0.0,2.0,0.0,0.0,0.0,2.0,0.0,1.0,1.0,1.0,0.0,1.0,0.0,1
http,notify-action-acct.esy.es,/recovery-chekpoint-login.html,0.0,2.0,0.0,0.0,1.0,2.0,0.0,1.0,1.0,1.0,1.0,1.0,0.0,1
http,fangtasiaphonesex.com,/Godsgrace/Dropfile/,0.0,0.0,0.0,0.0,0.0,0.0,1.0,1.0,1.0,1.0,1.0,1.0,0.0,1
http,latitudeinfra.com,/admin/uploade/01myfs/dada9b67bf59f6aadf1357adbdfc409a/,0.0,1.0,0.0,0.0,0.0,0.0,0.0,1.0,1.0,1.0,0.0,1.0,0.0,1
https,boxmail-fullupgrade.com,/secured/,0.0,0.0,0.0,0.0,1.0,0.0,0.0,1.0,1.0,1.0,1.0,1.0,0.0,1
http,www.michaelsmolski.com,/0w1/Owa/,0.0,0.0,0.0,0.0,0.0,0.0,0.0,2.0,1.0,1.0,0.0,1.0,0.0,1
http,miprofe.cl,/wp-admin/network/rdr/4/,0.0,0.0,0.0,0.0,0.0,0.0,0.0,1.0,1.0,1.0,1.0,1.0,0.0,1
http,kesenianjawa.undip.ac.id,/wp-content/plugins/ADOBE_YEAR_2017/index.htm,0.0,1.0,0.0,0.0,0.0,1.0,0.0,0.0,1.0,1.0,0.0,1.0,0.0,1
https,u.nu,/zfy,0.0,0.0,0.0,0.0,0.0,0.0,0.0,2.0,1.0,1.0,0.0,1.0,0.0,1
http,tinyurl.com,/lhzy2me,0.0,0.0,0.0,0.0,0.0,0.0,1.0,0.0,1.0,1.0,0.0,1.0,0.0,1
http,cover-acct789345.esy.es,/index.html,0.0,0.0,0.0,0.0,1.0,2.0,0.0,1.0,1.0,1.0,1.0,1.0,0.0,1
http,depatmens-recons001.esy.es,/recovery-chekpoint-login.html,0.0,2.0,0.0,0.0,1.0,2.0,0.0,1.0,1.0,1.0,1.0,1.0,0.0,1
http,carolyneslick.com,/sos/Chase_Online.html,0.0,0.0,0.0,0.0,0.0,0.0,0.0,1.0,1.0,1.0,0.0,1.0,0.0,1
http,protecfb-error.esy.es,/recovery-chekpoint-login.html,0.0,2.0,0.0,0.0,1.0,2.0,0.0,1.0,1.0,1.0,1.0,1.0,0.0,1
http,cover-acct76483.esy.es,/index.html,0.0,0.0,0.0,0.0,1.0,2.0,0.0,1.0,1.0,1.0,1.0,1.0,0.0,1
http,attxn.net,/m/cprodx.att.net/commonLogin/igate_edam/controller.html,0.0,2.0,0.0,0.0,0.0,1.0,0.0,1.0,1.0,1.0,1.0,1.0,0.0,1
http,bit.ly,/2pKUTZ0,0.0,0.0,0.0,0.0,0.0,0.0,1.0,0.0,1.0,1.0,0.0,1.0,0.0,1
http,assasasauysuysauysaysayasa.blogspot.com,/,0.0,0.0,0.0,0.0,0.0,0.0,1.0,1.0,1.0,1.0,0.0,1.0,0.0,1
http,miprofe.cl,/wp-admin/network/rdr/16/,0.0,0.0,0.0,0.0,0.0,0.0,0.0,1.0,1.0,1.0,1.0,1.0,0.0,1
http,click.waw.pl,/mas678ben,0.0,0.0,0.0,0.0,0.0,0.0,0.0,1.0,1.0,1.0,0.0,1.0,0.0,1
http,sac-uol-conteudo.byethost15.com,/www.sac.uol.com.br/pagamento2/,0.0,2.0,0.0,0.0,1.0,1.0,0.0,2.0,1.0,1.0,0.0,1.0,0.0,1
http,sac-uol-conteudo.byethost15.com,/www.sac.uol.com.br/pagamento2/index4.html,0.0,1.0,0.0,0.0,1.0,1.0,0.0,2.0,1.0,1.0,0.0,1.0,0.0,1
https,shastivelcotton.com,/images/trash/Indexxatt/Indexxatt.htm,0.0,2.0,0.0,0.0,0.0,0.0,0.0,1.0,1.0,1.0,0.0,1.0,0.0,1
http,ring-my-bell.com,/secure/nn/nn/,0.0,0.0,0.0,0.0,1.0,0.0,0.0,1.0,1.0,1.0,0.0,1.0,0.0,1
http,cname.hub-web.com,/proccesing-fbaccountss/login.php,0.0,2.0,0.0,0.0,1.0,2.0,0.0,1.0,1.0,1.0,0.0,1.0,0.0,1
http,h2hventures.co,/styles/,0.0,0.0,0.0,0.0,0.0,0.0,0.0,1.0,1.0,1.0,0.0,1.0,0.0,1
http,acessoseguroatodos.com,/melhorandoonline/Urgente/SantanderSelect/index1.php,0.0,1.0,0.0,0.0,0.0,0.0,0.0,1.0,1.0,1.0,1.0,1.0,0.0,1
http,caixa.suportedeconsultafgtsliberado.com,/,0.0,0.0,0.0,0.0,0.0,0.0,0.0,1.0,1.0,1.0,1.0,1.0,0.0,1
http,ournepal.com,/images/band_of_kathmandu/scarred/fomula1/ssControlPanel.htm,0.0,1.0,0.0,0.0,0.0,0.0,0.0,2.0,1.0,1.0,0.0,1.0,0.0,1
http,harigoindia.com,/old-site/xx/ya/Yahoo.htm,0.0,0.0,0.0,0.0,0.0,0.0,0.0,1.0,1.0,1.0,0.0,1.0,0.0,1
http,segurana.my-free.website,/,0.0,0.0,0.0,0.0,1.0,0.0,0.0,0.0,1.0,1.0,1.0,1.0,1.0,1
https,secure.saginawheadstart.org,/myaccount/,0.0,0.0,0.0,0.0,0.0,0.0,0.0,1.0,1.0,1.0,1.0,1.0,0.0,1
http,04daa73b.ngrok.io,/secured42/23e08230a93871fa650553ccdf54ecf7/signin/,0.0,1.0,0.0,0.0,0.0,1.0,0.0,1.0,1.0,1.0,0.0,1.0,0.0,1
http,kiwi-pools.com,/dir8/confirm_identity.php,0.0,1.0,0.0,0.0,1.0,0.0,0.0,1.0,1.0,1.0,1.0,1.0,0.0,1
http,pages-5507.hol.es,/facebook-security,0.0,0.0,0.0,0.0,1.0,0.0,0.0,1.0,1.0,1.0,1.0,1.0,0.0,1
http,www.mir-holoda.by,/price.files/match.html,0.0,0.0,0.0,0.0,1.0,1.0,0.0,1.0,1.0,1.0,0.0,1.0,0.0,1
http,support-fb-page.hol.es,/logins.php,0.0,0.0,0.0,0.0,1.0,2.0,0.0,1.0,1.0,1.0,1.0,1.0,0.0,1
http,paranavida.com.br,/fontz/logss/filewords/,0.0,0.0,0.0,0.0,0.0,0.0,0.0,1.0,1.0,1.0,0.0,1.0,0.0,1
http,phpmatrimonialscript.in,/wp-includes/SimplePie/css/BOA/qes.php,0.0,2.0,0.0,0.0,0.0,0.0,0.0,2.0,1.0,1.0,0.0,1.0,0.0,1
http,rccgpavilion.org,/components/com_acymailing/controllers/js/fr/frebox158418/e1acec14bad70e2d1a80566e6c3108c4/,0.0,1.0,0.0,0.0,0.0,0.0,0.0,1.0,1.0,1.0,0.0,1.0,0.0,1
http,doutorconsorcio.com.br,/folder3/Arch/Arch/Archive/,0.0,2.0,0.0,0.0,0.0,0.0,0.0,1.0,1.0,1.0,1.0,1.0,0.0,1
http,vuongquocsen.com,/index.html.php,0.0,1.0,0.0,0.0,0.0,2.0,0.0,1.0,1.0,1.0,1.0,1.0,0.0,1
http,www.sping-doo.si,/Site_Seguro/www/Santander.com/br/Cliente=ID=/,0.0,2.0,0.0,0.0,1.0,2.0,0.0,1.0,1.0,1.0,0.0,1.0,0.0,1
http,safety-check-278836.esy.es,/index.html,0.0,0.0,0.0,0.0,1.0,2.0,0.0,1.0,1.0,1.0,1.0,1.0,0.0,1
http,qzsclothing.com,/mailbox/Yah/T/Y1.html,0.0,0.0,0.0,0.0,0.0,0.0,0.0,1.0,1.0,1.0,0.0,1.0,0.0,1
http,recover-acct88000.esy.es,/index.html,0.0,0.0,0.0,0.0,1.0,2.0,0.0,1.0,1.0,1.0,1.0,1.0,0.0,1
http,last-warning-fb113.esy.es,/recovery-chekpoint-login.html,0.0,2.0,0.0,0.0,1.0,2.0,0.0,1.0,1.0,1.0,1.0,1.0,0.0,1
http,lexavierpartners.com,/lex/info/,0.0,0.0,0.0,0.0,0.0,0.0,0.0,1.0,1.0,1.0,0.0,1.0,0.0,1
http,mobile-free.kofoed-fr.com,/Compte/93843687342927348376/8325682376834768237648/92029/d6b56/moncompte/,0.0,1.0,0.0,0.0,1.0,0.0,0.0,1.0,1.0,1.0,1.0,1.0,0.0,1
http,primelog.amzweb.com.br,/image/flags/sss/alibaba/index.php,0.0,1.0,1.0,0.0,0.0,1.0,0.0,1.0,1.0,1.0,1.0,1.0,0.0,1
http,phpmatrimonialscript.in,/wp-includes/SimplePie/css/BOA/card.php,0.0,2.0,0.0,0.0,0.0,0.0,0.0,2.0,1.0,1.0,0.0,1.0,0.0,1
https,atualizar-cadastro.com,/-bb/,0.0,0.0,0.0,0.0,1.0,0.0,0.0,1.0,1.0,1.0,0.0,1.0,0.0,1
http,mobile-free.kofoed-fr.com,/Compte/93843687342927348376/8325682376834768237648/95993/65569/moncompte/,0.0,1.0,0.0,0.0,1.0,0.0,0.0,1.0,1.0,1.0,1.0,1.0,0.0,1
http,dentalimplantformula.com,/nichepatients.com/,0.0,0.0,0.0,0.0,0.0,0.0,0.0,1.0,1.0,1.0,1.0,1.0,0.0,1
http,mobile-free.kofoed-fr.com,/Compte/93843687342927348376/8325682376834768237648/92029/da9cc/moncompte/,0.0,1.0,0.0,0.0,1.0,0.0,0.0,1.0,1.0,1.0,1.0,1.0,0.0,1
http,fgtsconsultainativos.com,/inter/web/,0.0,0.0,0.0,0.0,0.0,0.0,0.0,1.0,1.0,1.0,1.0,1.0,0.0,1
http,saldofgtsgov.com,/caixa.gov.br/pages/inter/index.php,0.0,2.0,0.0,0.0,0.0,1.0,0.0,1.0,1.0,1.0,1.0,1.0,0.0,1
http,promocaorecar.ga,/zn/info.php,0.0,0.0,0.0,0.0,0.0,0.0,0.0,1.0,1.0,1.0,1.0,1.0,0.0,1
http,mobilier-lemnmasiv.ro,/wp-content/plugins/giga-slider/lang/alibaba.com/Login.htm,0.0,1.0,0.0,0.0,1.0,2.0,0.0,1.0,1.0,1.0,1.0,1.0,0.0,1
http,igforweddingpros.com,/hhhhhhh/driveup/63f2b3c183ef56ec7a14e79141d6df0c/login.php,0.0,1.0,0.0,0.0,0.0,0.0,0.0,1.0,1.0,1.0,1.0,1.0,0.0,1
http,www.fahwonmai.tv,/sites/all/databases/index.php,0.0,0.0,0.0,0.0,0.0,2.0,0.0,1.0,1.0,1.0,1.0,1.0,0.0,1
http,owaispsecuredesk2017.myfreesites.net,/,0.0,0.0,0.0,0.0,0.0,0.0,0.0,2.0,1.0,1.0,0.0,1.0,0.0,1
http,forfindquality.com,/Core/Foundation/Exception/li.php,0.0,2.0,0.0,0.0,0.0,0.0,0.0,1.0,1.0,1.0,0.0,1.0,0.0,1
http,loadingspeacceasy.atwebpages.com,/update-payment.php,0.0,2.0,0.0,0.0,0.0,2.0,0.0,1.0,1.0,1.0,0.0,1.0,0.0,1
http,virgilecatherine.fr,/oral/css/login.php,0.0,0.0,0.0,0.0,0.0,0.0,0.0,1.0,1.0,1.0,0.0,1.0,0.0,1
http,www.supporto-informatici.info,/cartasi_1.php,0.0,0.0,0.0,0.0,1.0,2.0,0.0,1.0,1.0,1.0,1.0,1.0,0.0,1
http,www.antiquehostel.ro,/logs/sxxs/0e92aeba37fa2bcc59a7999f36df2f6d/verification/verification.php,0.0,1.0,0.0,0.0,0.0,2.0,0.0,1.0,1.0,1.0,0.0,1.0,0.0,1
http,www.desertsportswear.com,/bankofamerica.com/f2ad24ed2c72565d5df52a7bfa652351/,0.0,1.0,0.0,0.0,0.0,2.0,0.0,1.0,1.0,1.0,0.0,1.0,0.0,1
http,www.pursorder.esy.es,/purchase/req.php,0.0,0.0,0.0,0.0,0.0,1.0,0.0,1.0,1.0,1.0,1.0,1.0,0.0,1
http,supporto-informatici.info,/cartasi_2.php,0.0,0.0,0.0,0.0,1.0,0.0,0.0,1.0,1.0,1.0,1.0,1.0,0.0,1
http,www.mir-holoda.by,/price.files/adobeCom/inc/index.php,0.0,2.0,0.0,0.0,1.0,1.0,0.0,1.0,1.0,1.0,0.0,1.0,0.0,1
http,newsvanguard.in,/secure/BOA/home/info.php,0.0,1.0,0.0,0.0,0.0,0.0,0.0,1.0,1.0,1.0,1.0,1.0,0.0,1
http,newsvanguard.in,/secure/BOA/home/confirm.php,0.0,1.0,0.0,0.0,0.0,0.0,0.0,1.0,1.0,1.0,1.0,1.0,0.0,1
http,newsvanguard.in,/secure/BOA/home/info.php,0.0,1.0,0.0,0.0,0.0,0.0,0.0,1.0,1.0,1.0,1.0,1.0,0.0,1
https,newsvanguard.in,/secure/BOA/home/confirm.php,0.0,1.0,0.0,0.0,0.0,0.0,0.0,1.0,1.0,1.0,1.0,1.0,0.0,1
http,saferpdf.000webhostapp.com,/adobe.html,0.0,0.0,0.0,0.0,0.0,2.0,0.0,0.0,1.0,1.0,0.0,1.0,0.0,1
http,guard.trustlawsuits.com,/fresh.php,0.0,0.0,0.0,0.0,0.0,2.0,0.0,1.0,1.0,1.0,1.0,1.0,0.0,1
https,supremehosting.co.nz,/client/ioncube/Update/paypal/login.php,0.0,1.0,0.0,0.0,0.0,2.0,0.0,1.0,1.0,1.0,0.0,1.0,0.0,1
http,backup.din-14675.de,/tmp/s.png/,0.0,2.0,0.0,0.0,1.0,2.0,0.0,1.0,1.0,1.0,0.0,1.0,0.0,1
http,sandiegovendingmachine.com,/wp-admin/cs/domain/Login.php,0.0,2.0,0.0,0.0,0.0,0.0,0.0,1.0,1.0,1.0,0.0,1.0,0.0,1
http,emailbradesco.esy.es,/mail/mobile/app/thmpv.php,0.0,1.0,0.0,0.0,0.0,2.0,0.0,1.0,1.0,1.0,1.0,1.0,0.0,1
http,www.fontedevidaeterna.org.br,/confirminfochaseonline.com/chase/5915a83c5ca352d1a60f39bf8aacaff2/email.php,0.0,1.0,0.0,0.0,0.0,1.0,0.0,1.0,1.0,1.0,0.0,1.0,0.0,1
http,sivasosb.org.tr,/joomla1.txt,0.0,2.0,1.0,0.0,0.0,1.0,0.0,2.0,1.0,1.0,0.0,1.0,0.0,1
http,cabinetelendil.be,/hil/office/,0.0,0.0,0.0,0.0,0.0,0.0,0.0,1.0,1.0,1.0,0.0,1.0,0.0,1
https,universityrankings.com.au,/css/OWA(1).HTML,0.0,0.0,0.0,0.0,0.0,2.0,0.0,2.0,1.0,1.0,0.0,1.0,0.0,1
http,snfp.ro,/wp-content/plugins/moc.htm,0.0,0.0,0.0,0.0,0.0,0.0,0.0,1.0,1.0,1.0,0.0,1.0,0.0,1
http,bit.ly,/2p6nYKl,0.0,0.0,0.0,0.0,0.0,0.0,1.0,0.0,1.0,1.0,0.0,1.0,0.0,1
https,srixlex.com,/server/squar/KE11Y,0.0,0.0,0.0,0.0,0.0,0.0,1.0,1.0,1.0,1.0,1.0,1.0,0.0,1
http,constructions.pancakeapps.com,,0.0,0.0,0.0,0.0,0.0,0.0,0.0,2.0,1.0,1.0,0.0,1.0,0.0,1
http,poggisub.it,/modules/Dropbox/Dropbox/Dropbox/1f539c7b586499970ef4ac3c9f72f596/,0.0,1.0,0.0,0.0,0.0,0.0,0.0,1.0,1.0,1.0,0.0,1.0,0.0,1
http,bisnis101.com,/share/view/adobe/user/login/index.htm,0.0,2.0,0.0,0.0,0.0,0.0,0.0,1.0,1.0,1.0,0.0,1.0,0.0,1
https,elicos.com,/cha/Chase0ChaseChasechase-Online/wwwhttpsChase-Chase0ChaseOnline/wwwChaseOnlinebankingcom-account0notifications0CentreUSA/index.php,0.0,1.0,0.0,0.0,0.0,0.0,0.0,2.0,1.0,1.0,0.0,1.0,1.0,1
http,banorte-rs.com,/JKKUIGH/HJ6GHKH/HGJ65/FGG5J/NG43/N5DF/NB4F/NH54/HN4/N5GG/H44H/N66G/J55G/,0.0,1.0,0.0,0.0,1.0,0.0,0.0,1.0,1.0,1.0,1.0,1.0,0.0,1
http,bright-wedding.com.ua,/wp-content/uploads/2017/05/.a/,0.0,2.0,0.0,0.0,1.0,2.0,0.0,1.0,1.0,1.0,1.0,1.0,0.0,1
http,www.siclogistics.com,/hb.htm,0.0,0.0,0.0,0.0,0.0,2.0,0.0,1.0,1.0,1.0,0.0,1.0,0.0,1
http,www.meu-fgtscaixa.com,/2017/pages/inter/index.php,0.0,2.0,0.0,0.0,1.0,2.0,0.0,1.0,1.0,1.0,1.0,1.0,0.0,1
https,www.pellicole-adesive.com,/logs/public/,0.0,0.0,0.0,0.0,1.0,0.0,0.0,1.0,1.0,1.0,0.0,1.0,0.0,1
http,www.formget.com,/app/forms/view/RQcc-246023,0.0,0.0,0.0,0.0,0.0,0.0,1.0,0.0,1.0,1.0,0.0,1.0,0.0,1
http,www.sping-doo.si,/http/www/Santander.com.br/br/Cliente_ID=/,0.0,2.0,0.0,0.0,1.0,1.0,0.0,1.0,1.0,1.0,0.0,1.0,1.0,1
http,page.app15.in,/themeset1_2015-08-07-11-24-38/app/y/index.htm,0.0,2.0,0.0,0.0,0.0,2.0,0.0,1.0,1.0,1.0,0.0,1.0,0.0,1
http,paypal1.uk-ppl202.com,/sd/,0.0,0.0,0.0,0.0,1.0,0.0,0.0,1.0,1.0,1.0,1.0,1.0,0.0,1
https,tinyurl.com,/l6as4o2,0.0,0.0,0.0,0.0,0.0,0.0,1.0,0.0,1.0,1.0,0.0,1.0,0.0,1
https,www.maszx.org,/template/default/portal/roox/index.php,0.0,1.0,1.0,0.0,0.0,1.0,0.0,1.0,1.0,1.0,0.0,1.0,0.0,1
http,segurom3.beget.tech,/atendimentoseguro/,0.0,0.0,0.0,0.0,0.0,0.0,0.0,0.0,1.0,1.0,0.0,1.0,0.0,1
http,belgiumimagyarok.be,/wp/log.htm,0.0,0.0,0.0,0.0,0.0,0.0,0.0,1.0,1.0,1.0,1.0,1.0,0.0,1
http,faridhosiery.com,/aol.net/www.aol.com/index.htm,0.0,0.0,0.0,0.0,0.0,1.0,0.0,1.0,1.0,1.0,0.0,1.0,0.0,1
https,herballineteam.eu,/components/com_content/views/article/tmpl/Suntrust1/Suntrust/Suntrust/Suntrust/Suntrust/Suntrust/SunTrust -Online Banking.htm,0.0,1.0,0.0,0.0,0.0,0.0,0.0,,,,,,,1
,,,,,,,,,,,,,,,,1
,,,,,,,,,,,,,,,,1
,,,,,,,,,,,,,,,,1
,,,,,,,,,,,,,,,,1
,,,,,,,,,,,,,,,,1
,,,,,,,,,,,,,,,,1
,,,,,,,,,,,,,,,,1
,,,,,,,,,,,,,,,,1
,,,,,,,,,,,,,,,,1
,,,,,,,,,,,,,,,,1
,,,,,,,,,,,,,,,,1
,,,,,,,,,,,,,,,,1
,,,,,,,,,,,,,,,,1
,,,,,,,,,,,,,,,,1
,,,,,,,,,,,,,,,,1
,,,,,,,,,,,,,,,,1
,,,,,,,,,,,,,,,,1
,,,,,,,,,,,,,,,,1
,,,,,,,,,,,,,,,,1
,,,,,,,,,,,,,,,,1
,,,,,,,,,,,,,,,,1
,,,,,,,,,,,,,,,,1
,,,,,,,,,,,,,,,,1
,,,,,,,,,,,,,,,,1
,,,,,,,,,,,,,,,,1
,,,,,,,,,,,,,,,,1
,,,,,,,,,,,,,,,,1
,,,,,,,,,,,,,,,,1
,,,,,,,,,,,,,,,,1
,,,,,,,,,,,,,,,,1
,,,,,,,,,,,,,,,,1
,,,,,,,,,,,,,,,,1
,,,,,,,,,,,,,,,,1
,,,,,,,,,,,,,,,,1
,,,,,,,,,,,,,,,,1
,,,,,,,,,,,,,,,,1
,,,,,,,,,,,,,,,,1
,,,,,,,,,,,,,,,,1
,,,,,,,,,,,,,,,,1
,,,,,,,,,,,,,,,,1
,,,,,,,,,,,,,,,,1
,,,,,,,,,,,,,,,,1
,,,,,,,,,,,,,,,,1
,,,,,,,,,,,,,,,,1
,,,,,,,,,,,,,,,,1
,,,,,,,,,,,,,,,,1
,,,,,,,,,,,,,,,,1
,,,,,,,,,,,,,,,,1
,,,,,,,,,,,,,,,,1
,,,,,,,,,,,,,,,,1
,,,,,,,,,,,,,,,,1
,,,,,,,,,,,,,,,,1
,,,,,,,,,,,,,,,,1
,,,,,,,,,,,,,,,,1
,,,,,,,,,,,,,,,,1
,,,,,,,,,,,,,,,,1
,,,,,,,,,,,,,,,,1
,,,,,,,,,,,,,,,,1
,,,,,,,,,,,,,,,,1
,,,,,,,,,,,,,,,,1
,,,,,,,,,,,,,,,,1
,,,,,,,,,,,,,,,,1
,,,,,,,,,,,,,,,,1
,,,,,,,,,,,,,,,,1
,,,,,,,,,,,,,,,,1
,,,,,,,,,,,,,,,,1
,,,,,,,,,,,,,,,,1
,,,,,,,,,,,,,,,,1
,,,,,,,,,,,,,,,,1
,,,,,,,,,,,,,,,,1
,,,,,,,,,,,,,,,,1
,,,,,,,,,,,,,,,,1
,,,,,,,,,,,,,,,,1
,,,,,,,,,,,,,,,,1
,,,,,,,,,,,,,,,,1
,,,,,,,,,,,,,,,,1
,,,,,,,,,,,,,,,,1
,,,,,,,,,,,,,,,,1
,,,,,,,,,,,,,,,,1
,,,,,,,,,,,,,,,,1
,,,,,,,,,,,,,,,,1
,,,,,,,,,,,,,,,,1
,,,,,,,,,,,,,,,,1
,,,,,,,,,,,,,,,,1
,,,,,,,,,,,,,,,,1
,,,,,,,,,,,,,,,,1
,,,,,,,,,,,,,,,,1
,,,,,,,,,,,,,,,,1
,,,,,,,,,,,,,,,,1
,,,,,,,,,,,,,,,,1
,,,,,,,,,,,,,,,,1
,,,,,,,,,,,,,,,,1
,,,,,,,,,,,,,,,,1
,,,,,,,,,,,,,,,,1
,,,,,,,,,,,,,,,,1
,,,,,,,,,,,,,,,,1
,,,,,,,,,,,,,,,,1
,,,,,,,,,,,,,,,,1
,,,,,,,,,,,,,,,,1
,,,,,,,,,,,,,,,,1
,,,,,,,,,,,,,,,,1
,,,,,,,,,,,,,,,,1
,,,,,,,,,,,,,,,,1
,,,,,,,,,,,,,,,,1
,,,,,,,,,,,,,,,,1
,,,,,,,,,,,,,,,,1
,,,,,,,,,,,,,,,,1
,,,,,,,,,,,,,,,,1
,,,,,,,,,,,,,,,,1
,,,,,,,,,,,,,,,,1
,,,,,,,,,,,,,,,,1
,,,,,,,,,,,,,,,,1
,,,,,,,,,,,,,,,,1
,,,,,,,,,,,,,,,,1
,,,,,,,,,,,,,,,,1
,,,,,,,,,,,,,,,,1
,,,,,,,,,,,,,,,,1
,,,,,,,,,,,,,,,,1
,,,,,,,,,,,,,,,,1
,,,,,,,,,,,,,,,,1
,,,,,,,,,,,,,,,,1
,,,,,,,,,,,,,,,,1
,,,,,,,,,,,,,,,,1
,,,,,,,,,,,,,,,,1
,,,,,,,,,,,,,,,,1
,,,,,,,,,,,,,,,,1
,,,,,,,,,,,,,,,,1
,,,,,,,,,,,,,,,,1
,,,,,,,,,,,,,,,,1
,,,,,,,,,,,,,,,,1
,,,,,,,,,,,,,,,,1
,,,,,,,,,,,,,,,,1
,,,,,,,,,,,,,,,,1
,,,,,,,,,,,,,,,,1
,,,,,,,,,,,,,,,,1
,,,,,,,,,,,,,,,,1
,,,,,,,,,,,,,,,,1
,,,,,,,,,,,,,,,,1
,,,,,,,,,,,,,,,,1
,,,,,,,,,,,,,,,,1
,,,,,,,,,,,,,,,,1
,,,,,,,,,,,,,,,,1
,,,,,,,,,,,,,,,,1
,,,,,,,,,,,,,,,,1
,,,,,,,,,,,,,,,,1
,,,,,,,,,,,,,,,,1
,,,,,,,,,,,,,,,,1
,,,,,,,,,,,,,,,,1
,,,,,,,,,,,,,,,,1
,,,,,,,,,,,,,,,,1
,,,,,,,,,,,,,,,,1
,,,,,,,,,,,,,,,,1
,,,,,,,,,,,,,,,,1
,,,,,,,,,,,,,,,,1
,,,,,,,,,,,,,,,,1
,,,,,,,,,,,,,,,,1
,,,,,,,,,,,,,,,,1
,,,,,,,,,,,,,,,,1
,,,,,,,,,,,,,,,,1
,,,,,,,,,,,,,,,,1
,,,,,,,,,,,,,,,,1
,,,,,,,,,,,,,,,,1
,,,,,,,,,,,,,,,,1
,,,,,,,,,,,,,,,,1
,,,,,,,,,,,,,,,,1
,,,,,,,,,,,,,,,,1
,,,,,,,,,,,,,,,,1
,,,,,,,,,,,,,,,,1
,,,,,,,,,,,,,,,,1
,,,,,,,,,,,,,,,,1
,,,,,,,,,,,,,,,,1
,,,,,,,,,,,,,,,,1
,,,,,,,,,,,,,,,,1
,,,,,,,,,,,,,,,,1
,,,,,,,,,,,,,,,,1
,,,,,,,,,,,,,,,,1
,,,,,,,,,,,,,,,,1
,,,,,,,,,,,,,,,,1
,,,,,,,,,,,,,,,,1
,,,,,,,,,,,,,,,,1
,,,,,,,,,,,,,,,,1
,,,,,,,,,,,,,,,,1
,,,,,,,,,,,,,,,,1
,,,,,,,,,,,,,,,,1
,,,,,,,,,,,,,,,,1
,,,,,,,,,,,,,,,,1
,,,,,,,,,,,,,,,,1
,,,,,,,,,,,,,,,,1
,,,,,,,,,,,,,,,,1
,,,,,,,,,,,,,,,,1
,,,,,,,,,,,,,,,,1
,,,,,,,,,,,,,,,,1
,,,,,,,,,,,,,,,,1
,,,,,,,,,,,,,,,,1
,,,,,,,,,,,,,,,,1
,,,,,,,,,,,,,,,,1
,,,,,,,,,,,,,,,,1
,,,,,,,,,,,,,,,,1
,,,,,,,,,,,,,,,,1
,,,,,,,,,,,,,,,,1
,,,,,,,,,,,,,,,,1
,,,,,,,,,,,,,,,,1
,,,,,,,,,,,,,,,,1
,,,,,,,,,,,,,,,,1
,,,,,,,,,,,,,,,,1
,,,,,,,,,,,,,,,,1
,,,,,,,,,,,,,,,,1
,,,,,,,,,,,,,,,,1
,,,,,,,,,,,,,,,,1
,,,,,,,,,,,,,,,,1
,,,,,,,,,,,,,,,,1
,,,,,,,,,,,,,,,,1
,,,,,,,,,,,,,,,,1
,,,,,,,,,,,,,,,,1
,,,,,,,,,,,,,,,,1
,,,,,,,,,,,,,,,,1
,,,,,,,,,,,,,,,,1
,,,,,,,,,,,,,,,,1
,,,,,,,,,,,,,,,,1
,,,,,,,,,,,,,,,,1
,,,,,,,,,,,,,,,,1
,,,,,,,,,,,,,,,,1
,,,,,,,,,,,,,,,,1
,,,,,,,,,,,,,,,,1
,,,,,,,,,,,,,,,,1
,,,,,,,,,,,,,,,,1
,,,,,,,,,,,,,,,,1
,,,,,,,,,,,,,,,,1
,,,,,,,,,,,,,,,,1
,,,,,,,,,,,,,,,,1
,,,,,,,,,,,,,,,,1
,,,,,,,,,,,,,,,,1
,,,,,,,,,,,,,,,,1
,,,,,,,,,,,,,,,,1
,,,,,,,,,,,,,,,,1
,,,,,,,,,,,,,,,,1
,,,,,,,,,,,,,,,,1
,,,,,,,,,,,,,,,,1
,,,,,,,,,,,,,,,,1
,,,,,,,,,,,,,,,,1
,,,,,,,,,,,,,,,,1
,,,,,,,,,,,,,,,,1
,,,,,,,,,,,,,,,,1
,,,,,,,,,,,,,,,,1
,,,,,,,,,,,,,,,,1
,,,,,,,,,,,,,,,,1
,,,,,,,,,,,,,,,,1
,,,,,,,,,,,,,,,,1
,,,,,,,,,,,,,,,,1
,,,,,,,,,,,,,,,,1
,,,,,,,,,,,,,,,,1
,,,,,,,,,,,,,,,,1
,,,,,,,,,,,,,,,,1
,,,,,,,,,,,,,,,,1
,,,,,,,,,,,,,,,,1
,,,,,,,,,,,,,,,,1
,,,,,,,,,,,,,,,,1
,,,,,,,,,,,,,,,,1
,,,,,,,,,,,,,,,,1
,,,,,,,,,,,,,,,,1
,,,,,,,,,,,,,,,,1
,,,,,,,,,,,,,,,,1
,,,,,,,,,,,,,,,,1
,,,,,,,,,,,,,,,,1
,,,,,,,,,,,,,,,,1
,,,,,,,,,,,,,,,,1
,,,,,,,,,,,,,,,,1
,,,,,,,,,,,,,,,,1
,,,,,,,,,,,,,,,,1
,,,,,,,,,,,,,,,,1
,,,,,,,,,,,,,,,,1
,,,,,,,,,,,,,,,,1
,,,,,,,,,,,,,,,,1
,,,,,,,,,,,,,,,,1
,,,,,,,,,,,,,,,,1
,,,,,,,,,,,,,,,,1
,,,,,,,,,,,,,,,,1
,,,,,,,,,,,,,,,,1
,,,,,,,,,,,,,,,,1
,,,,,,,,,,,,,,,,1
,,,,,,,,,,,,,,,,1
,,,,,,,,,,,,,,,,1
,,,,,,,,,,,,,,,,1
,,,,,,,,,,,,,,,,1
,,,,,,,,,,,,,,,,1
,,,,,,,,,,,,,,,,1
,,,,,,,,,,,,,,,,1
,,,,,,,,,,,,,,,,1
,,,,,,,,,,,,,,,,1
,,,,,,,,,,,,,,,,1
,,,,,,,,,,,,,,,,1
,,,,,,,,,,,,,,,,1
,,,,,,,,,,,,,,,,1
,,,,,,,,,,,,,,,,1
,,,,,,,,,,,,,,,,1
,,,,,,,,,,,,,,,,1
,,,,,,,,,,,,,,,,1
,,,,,,,,,,,,,,,,1
,,,,,,,,,,,,,,,,1
,,,,,,,,,,,,,,,,1
,,,,,,,,,,,,,,,,1
,,,,,,,,,,,,,,,,1
,,,,,,,,,,,,,,,,1
,,,,,,,,,,,,,,,,1
,,,,,,,,,,,,,,,,1
,,,,,,,,,,,,,,,,1
,,,,,,,,,,,,,,,,1
,,,,,,,,,,,,,,,,1
,,,,,,,,,,,,,,,,1
,,,,,,,,,,,,,,,,1
,,,,,,,,,,,,,,,,1
,,,,,,,,,,,,,,,,1
,,,,,,,,,,,,,,,,1
,,,,,,,,,,,,,,,,1
,,,,,,,,,,,,,,,,1
,,,,,,,,,,,,,,,,1
,,,,,,,,,,,,,,,,1
,,,,,,,,,,,,,,,,1
,,,,,,,,,,,,,,,,1
,,,,,,,,,,,,,,,,1
,,,,,,,,,,,,,,,,1
,,,,,,,,,,,,,,,,1
,,,,,,,,,,,,,,,,1
,,,,,,,,,,,,,,,,1
,,,,,,,,,,,,,,,,1
,,,,,,,,,,,,,,,,1
,,,,,,,,,,,,,,,,1
,,,,,,,,,,,,,,,,1
,,,,,,,,,,,,,,,,1
,,,,,,,,,,,,,,,,1
,,,,,,,,,,,,,,,,1
,,,,,,,,,,,,,,,,1
,,,,,,,,,,,,,,,,1
,,,,,,,,,,,,,,,,1
,,,,,,,,,,,,,,,,1
,,,,,,,,,,,,,,,,1
,,,,,,,,,,,,,,,,1
,,,,,,,,,,,,,,,,1
,,,,,,,,,,,,,,,,1
,,,,,,,,,,,,,,,,1
,,,,,,,,,,,,,,,,1
,,,,,,,,,,,,,,,,1
,,,,,,,,,,,,,,,,1
,,,,,,,,,,,,,,,,1
,,,,,,,,,,,,,,,,1
,,,,,,,,,,,,,,,,1
,,,,,,,,,,,,,,,,1
,,,,,,,,,,,,,,,,1
,,,,,,,,,,,,,,,,1
,,,,,,,,,,,,,,,,1
,,,,,,,,,,,,,,,,1
,,,,,,,,,,,,,,,,1
,,,,,,,,,,,,,,,,1
,,,,,,,,,,,,,,,,1
,,,,,,,,,,,,,,,,1
,,,,,,,,,,,,,,,,1
,,,,,,,,,,,,,,,,1
,,,,,,,,,,,,,,,,1
,,,,,,,,,,,,,,,,1
,,,,,,,,,,,,,,,,1
,,,,,,,,,,,,,,,,1
,,,,,,,,,,,,,,,,1
,,,,,,,,,,,,,,,,1
,,,,,,,,,,,,,,,,1
,,,,,,,,,,,,,,,,1
,,,,,,,,,,,,,,,,1
,,,,,,,,,,,,,,,,1
,,,,,,,,,,,,,,,,1
,,,,,,,,,,,,,,,,1
,,,,,,,,,,,,,,,,1
,,,,,,,,,,,,,,,,1
,,,,,,,,,,,,,,,,1
,,,,,,,,,,,,,,,,1
,,,,,,,,,,,,,,,,1
,,,,,,,,,,,,,,,,1
,,,,,,,,,,,,,,,,1
,,,,,,,,,,,,,,,,1
,,,,,,,,,,,,,,,,1
,,,,,,,,,,,,,,,,1
,,,,,,,,,,,,,,,,1
,,,,,,,,,,,,,,,,1
,,,,,,,,,,,,,,,,1
,,,,,,,,,,,,,,,,1
,,,,,,,,,,,,,,,,1
,,,,,,,,,,,,,,,,1
,,,,,,,,,,,,,,,,1
,,,,,,,,,,,,,,,,1
,,,,,,,,,,,,,,,,1
,,,,,,,,,,,,,,,,1
,,,,,,,,,,,,,,,,1
,,,,,,,,,,,,,,,,1
,,,,,,,,,,,,,,,,1
,,,,,,,,,,,,,,,,1
,,,,,,,,,,,,,,,,1
,,,,,,,,,,,,,,,,1
,,,,,,,,,,,,,,,,1
,,,,,,,,,,,,,,,,1
,,,,,,,,,,,,,,,,1
,,,,,,,,,,,,,,,,1
,,,,,,,,,,,,,,,,1
,,,,,,,,,,,,,,,,1
,,,,,,,,,,,,,,,,1
,,,,,,,,,,,,,,,,1
,,,,,,,,,,,,,,,,1
,,,,,,,,,,,,,,,,1
,,,,,,,,,,,,,,,,1
,,,,,,,,,,,,,,,,1
,,,,,,,,,,,,,,,,1
,,,,,,,,,,,,,,,,1
,,,,,,,,,,,,,,,,1
,,,,,,,,,,,,,,,,1
,,,,,,,,,,,,,,,,1
,,,,,,,,,,,,,,,,1
,,,,,,,,,,,,,,,,1
,,,,,,,,,,,,,,,,1
,,,,,,,,,,,,,,,,1
,,,,,,,,,,,,,,,,1
,,,,,,,,,,,,,,,,1
,,,,,,,,,,,,,,,,1
,,,,,,,,,,,,,,,,1
,,,,,,,,,,,,,,,,1
,,,,,,,,,,,,,,,,1
,,,,,,,,,,,,,,,,1
,,,,,,,,,,,,,,,,1
,,,,,,,,,,,,,,,,1
,,,,,,,,,,,,,,,,1
,,,,,,,,,,,,,,,,1
,,,,,,,,,,,,,,,,1
,,,,,,,,,,,,,,,,1
,,,,,,,,,,,,,,,,1
,,,,,,,,,,,,,,,,1
,,,,,,,,,,,,,,,,1
,,,,,,,,,,,,,,,,1
,,,,,,,,,,,,,,,,1
,,,,,,,,,,,,,,,,1
,,,,,,,,,,,,,,,,1
,,,,,,,,,,,,,,,,1
,,,,,,,,,,,,,,,,1
,,,,,,,,,,,,,,,,1
,,,,,,,,,,,,,,,,1
,,,,,,,,,,,,,,,,1
,,,,,,,,,,,,,,,,1
,,,,,,,,,,,,,,,,1
,,,,,,,,,,,,,,,,1
,,,,,,,,,,,,,,,,1
,,,,,,,,,,,,,,,,1
,,,,,,,,,,,,,,,,1
,,,,,,,,,,,,,,,,1
,,,,,,,,,,,,,,,,1
,,,,,,,,,,,,,,,,1
,,,,,,,,,,,,,,,,1
,,,,,,,,,,,,,,,,1
,,,,,,,,,,,,,,,,1
,,,,,,,,,,,,,,,,1
,,,,,,,,,,,,,,,,1
,,,,,,,,,,,,,,,,1
,,,,,,,,,,,,,,,,1
,,,,,,,,,,,,,,,,1
,,,,,,,,,,,,,,,,1
,,,,,,,,,,,,,,,,1
,,,,,,,,,,,,,,,,1
,,,,,,,,,,,,,,,,1
,,,,,,,,,,,,,,,,1
,,,,,,,,,,,,,,,,1
,,,,,,,,,,,,,,,,1
,,,,,,,,,,,,,,,,1
,,,,,,,,,,,,,,,,1
,,,,,,,,,,,,,,,,1
,,,,,,,,,,,,,,,,1
,,,,,,,,,,,,,,,,1
,,,,,,,,,,,,,,,,1
,,,,,,,,,,,,,,,,1
,,,,,,,,,,,,,,,,1
,,,,,,,,,,,,,,,,1
,,,,,,,,,,,,,,,,1
,,,,,,,,,,,,,,,,1
,,,,,,,,,,,,,,,,1
,,,,,,,,,,,,,,,,1
,,,,,,,,,,,,,,,,1
,,,,,,,,,,,,,,,,1
,,,,,,,,,,,,,,,,1
,,,,,,,,,,,,,,,,1
,,,,,,,,,,,,,,,,1
,,,,,,,,,,,,,,,,1
,,,,,,,,,,,,,,,,1
,,,,,,,,,,,,,,,,1
